-- phpMyAdmin SQL Dump
-- version 3.3.9
-- http://www.phpmyadmin.net
--
-- Host: localhost
-- Generation Time: Feb 20, 2019 at 04:31 AM
-- Server version: 5.5.9
-- PHP Version: 5.3.5

SET SQL_MODE="NO_AUTO_VALUE_ON_ZERO";


/*!40101 SET @OLD_CHARACTER_SET_CLIENT=@@CHARACTER_SET_CLIENT */;
/*!40101 SET @OLD_CHARACTER_SET_RESULTS=@@CHARACTER_SET_RESULTS */;
/*!40101 SET @OLD_COLLATION_CONNECTION=@@COLLATION_CONNECTION */;
/*!40101 SET NAMES utf8 */;

--
-- Database: `csu_data`
--

-- --------------------------------------------------------

--
-- Table structure for table `answer`
--

CREATE TABLE IF NOT EXISTS `answer` (
  `ansID` int(11) NOT NULL AUTO_INCREMENT,
  `ansAppNo` varchar(11) NOT NULL,
  `ansPeriod` varchar(11) NOT NULL,
  `ansExamID` int(11) NOT NULL,
  `ansQzItemNo` int(11) NOT NULL,
  `ansAns` varchar(1) NOT NULL,
  `ansRem` varchar(1) NOT NULL,
  PRIMARY KEY (`ansID`)
) ENGINE=MyISAM  DEFAULT CHARSET=latin1 AUTO_INCREMENT=96 ;

--
-- Dumping data for table `answer`
--

INSERT INTO `answer` (`ansID`, `ansAppNo`, `ansPeriod`, `ansExamID`, `ansQzItemNo`, `ansAns`, `ansRem`) VALUES
(69, '2019-00029', '1-2019-2020', 32, 25, 'A', 'C'),
(70, '2019-00029', '1-2019-2020', 31, 26, 'A', 'C'),
(71, '2019-00029', '1-2019-2020', 29, 28, 'A', 'C'),
(72, '2019-00029', '1-2019-2020', 33, 34, 'B', 'W'),
(73, '2019-00033', '1-2019-2020', 32, 25, 'C', 'W'),
(74, '2019-00033', '1-2019-2020', 31, 26, 'C', 'W'),
(75, '2019-00033', '1-2019-2020', 29, 28, 'C', 'W'),
(76, '2019-00033', '1-2019-2020', 33, 34, 'C', 'W'),
(77, '2019-00035', '1-2019-2020', 32, 25, 'C', 'W'),
(78, '2019-00035', '1-2019-2020', 31, 26, 'D', 'W'),
(79, '2019-00035', '1-2019-2020', 29, 28, 'D', 'W'),
(80, '2019-00035', '1-2019-2020', 33, 34, 'C', 'W'),
(81, '2019-00037', '1-2019-2020', 34, 29, 'A', 'C'),
(82, '2019-00037', '1-2019-2020', 32, 25, 'D', 'W'),
(83, '2019-00037', '1-2019-2020', 31, 26, 'B', 'W'),
(84, '2019-00037', '1-2019-2020', 29, 28, 'A', 'C'),
(85, '2019-00037', '1-2019-2020', 33, 34, 'C', 'W'),
(86, '2019-00091', '1-2019-2020', 34, 29, 'A', 'C'),
(87, '2019-00091', '1-2019-2020', 32, 25, 'C', 'W'),
(88, '2019-00091', '1-2019-2020', 31, 26, 'D', 'W'),
(89, '2019-00091', '1-2019-2020', 29, 28, 'C', 'W'),
(90, '2019-00091', '1-2019-2020', 33, 34, 'C', 'W'),
(91, '2019-00092', '1-2019-2020', 34, 29, 'B', 'W'),
(92, '2019-00092', '1-2019-2020', 32, 25, 'C', 'W'),
(93, '2019-00092', '1-2019-2020', 31, 26, 'C', 'W'),
(94, '2019-00092', '1-2019-2020', 29, 28, 'B', 'W'),
(95, '2019-00092', '1-2019-2020', 33, 34, 'D', 'W');

-- --------------------------------------------------------

--
-- Table structure for table `applicant`
--

CREATE TABLE IF NOT EXISTS `applicant` (
  `smAppNo` varchar(11) NOT NULL DEFAULT '',
  `smLName` varchar(30) NOT NULL DEFAULT '',
  `smFName` varchar(50) NOT NULL DEFAULT '',
  `smMName` varchar(30) NOT NULL DEFAULT '',
  `smCStatus` enum('','Single','Married','Widow/Widower','Divorce','Separated') NOT NULL DEFAULT 'Single',
  `smBDate` date NOT NULL DEFAULT '2006-12-30',
  `smBPlace` varchar(50) NOT NULL,
  `smSex` enum('Male','Female') NOT NULL DEFAULT 'Male',
  `smLUser` varchar(15) NOT NULL DEFAULT '',
  `smLDate` datetime NOT NULL DEFAULT '0000-00-00 00:00:00',
  `smAgree` enum('Yes','No') NOT NULL DEFAULT 'No',
  `smForm137A` enum('Yes','No') NOT NULL DEFAULT 'No',
  `smGMoral` enum('Yes','No') NOT NULL DEFAULT 'No',
  `smTOR` enum('Yes','No') NOT NULL DEFAULT 'No',
  `smBCertificate` enum('Yes','No') NOT NULL DEFAULT 'No',
  `smHDismissal` enum('Yes','No') NOT NULL DEFAULT 'No',
  `smElem` varchar(50) DEFAULT NULL,
  `smElemPeriod` varchar(9) DEFAULT NULL,
  `smHS` varchar(50) DEFAULT NULL,
  `smHSPeriod` varchar(9) DEFAULT NULL,
  `smSchLAttend` varchar(50) DEFAULT NULL,
  `smSchLAPeriod` varchar(9) DEFAULT NULL,
  `smContactNo` varchar(11) NOT NULL,
  `smEmail` varchar(30) NOT NULL,
  `smPassword` varchar(25) NOT NULL,
  `smPmAddress` varchar(20) NOT NULL,
  `smCitizen` varchar(25) NOT NULL,
  `smDisability` varchar(30) NOT NULL,
  `smMother` varchar(100) DEFAULT NULL,
  `smMCStatus` enum('','Single','Married','Widow/Widower','Separated') DEFAULT 'Single',
  `smMOccp` varchar(50) DEFAULT NULL,
  `smMEmployer` varchar(100) DEFAULT NULL,
  `smFather` varchar(100) DEFAULT NULL,
  `smFCStatus` enum('','Single','Married','Widow/Widower','Separated') DEFAULT 'Single',
  `smFOccp` varchar(50) DEFAULT NULL,
  `smFEmployer` varchar(100) DEFAULT NULL,
  `smGuardian` varchar(100) DEFAULT NULL,
  `smGCStatus` enum('','Single','Married','Widow/Widower','Separated') DEFAULT 'Single',
  `smGOccp` varchar(50) DEFAULT NULL,
  `smGEmployer` varchar(100) DEFAULT NULL,
  `smSBName1` varchar(100) DEFAULT NULL,
  `smSBSex1` varchar(6) NOT NULL DEFAULT 'Female',
  `smSBCStatus1` varchar(15) DEFAULT 'Singfle',
  `smSBOccp1` varchar(25) NOT NULL,
  `smSBEmployer1` varchar(100) NOT NULL,
  `smSBName2` varchar(100) NOT NULL,
  `smSBSex2` varchar(6) NOT NULL,
  `smSBCStatus2` varchar(15) NOT NULL,
  `smSBOccp2` varchar(25) NOT NULL,
  `smSBEmployer2` varchar(100) NOT NULL,
  `smSBName3` varchar(100) NOT NULL,
  `smSBSex3` varchar(6) NOT NULL,
  `smSBCStatus3` varchar(15) NOT NULL,
  `smSBOccp3` varchar(25) NOT NULL,
  `smSBEmployer3` varchar(100) NOT NULL,
  `smSBName4` varchar(100) NOT NULL,
  `smSBSex4` varchar(6) NOT NULL,
  `smSBCStatus4` varchar(15) NOT NULL,
  `smSBOccp4` varchar(25) NOT NULL,
  `smSBEmployer4` varchar(100) NOT NULL,
  `smSBName5` varchar(100) NOT NULL,
  `smSBSex5` varchar(6) NOT NULL,
  `smSBCStatus5` varchar(15) NOT NULL,
  `smSBOccp5` varchar(25) NOT NULL,
  `smSBEmployer5` varchar(100) NOT NULL,
  `smTrack` varchar(50) DEFAULT NULL,
  `smProgramCode1` varchar(25) NOT NULL,
  `smProgramCode2` varchar(25) NOT NULL,
  `smProgramCode3` varchar(25) NOT NULL,
  `smPic` varchar(20) NOT NULL,
  `smAppSem` varchar(11) NOT NULL,
  `smExamDateFns` timestamp NOT NULL DEFAULT CURRENT_TIMESTAMP ON UPDATE CURRENT_TIMESTAMP,
  `smExamTaken` enum('No','Yes') NOT NULL DEFAULT 'No',
  `smExamScore` int(10) NOT NULL DEFAULT '0',
  `smExamTItem` int(10) NOT NULL DEFAULT '0',
  `smSchedExamID` int(10) NOT NULL,
  PRIMARY KEY (`smAppNo`),
  KEY `smLName` (`smLName`)
) ENGINE=MyISAM DEFAULT CHARSET=latin1;

--
-- Dumping data for table `applicant`
--

INSERT INTO `applicant` (`smAppNo`, `smLName`, `smFName`, `smMName`, `smCStatus`, `smBDate`, `smBPlace`, `smSex`, `smLUser`, `smLDate`, `smAgree`, `smForm137A`, `smGMoral`, `smTOR`, `smBCertificate`, `smHDismissal`, `smElem`, `smElemPeriod`, `smHS`, `smHSPeriod`, `smSchLAttend`, `smSchLAPeriod`, `smContactNo`, `smEmail`, `smPassword`, `smPmAddress`, `smCitizen`, `smDisability`, `smMother`, `smMCStatus`, `smMOccp`, `smMEmployer`, `smFather`, `smFCStatus`, `smFOccp`, `smFEmployer`, `smGuardian`, `smGCStatus`, `smGOccp`, `smGEmployer`, `smSBName1`, `smSBSex1`, `smSBCStatus1`, `smSBOccp1`, `smSBEmployer1`, `smSBName2`, `smSBSex2`, `smSBCStatus2`, `smSBOccp2`, `smSBEmployer2`, `smSBName3`, `smSBSex3`, `smSBCStatus3`, `smSBOccp3`, `smSBEmployer3`, `smSBName4`, `smSBSex4`, `smSBCStatus4`, `smSBOccp4`, `smSBEmployer4`, `smSBName5`, `smSBSex5`, `smSBCStatus5`, `smSBOccp5`, `smSBEmployer5`, `smTrack`, `smProgramCode1`, `smProgramCode2`, `smProgramCode3`, `smPic`, `smAppSem`, `smExamDateFns`, `smExamTaken`, `smExamScore`, `smExamTItem`, `smSchedExamID`) VALUES
('2019-00013', 'P', 'P', 'P', 'Married', '2019-12-31', 'P', 'Male', '2019-00013', '2019-02-01 18:35:31', 'Yes', 'No', 'No', 'No', 'No', 'No', '', '', '', '', '', '', 'P', 'emsdell@gmail.com', 'P', 'P', 'P', '', 'Ma Emmie', '', '', '', '', '', '', '', '', '', '', '', '', '', '', '', '', '', '', '', '', '', '', '', '', '', '', '', '', '', '', '', '', '', '', '', '', '', 'BSCE', 'BSCS', '', 'download.png', '1-2019-2020', '2019-02-01 18:41:40', 'Yes', 2, 3, 187),
('2019-00014', 'H', 'H', 'H', 'Single', '2019-12-31', 'h', 'Male', '2019-00014', '2019-02-01 18:42:25', 'Yes', 'No', 'No', 'No', 'No', 'No', '', '', '', '', '', '', 'h', '', 'h', 'h', 'h', '', '', '', '', '', '', '', '', '', '', '', '', '', '', '', '', '', '', '', '', '', '', '', '', '', '', '', '', '', '', '', '', '', '', '', '', '', '', '', 'BSCE', 'BSCS', '', 'download.jpg', '1-2019-2020', '2019-02-01 18:42:52', 'Yes', 3, 3, 187),
('2019-00029', 'N', 'N', 'N', 'Married', '2018-01-31', 'n', 'Male', '2019-00029', '2019-02-01 23:15:21', 'Yes', 'No', 'No', 'No', 'No', 'No', NULL, NULL, NULL, NULL, NULL, NULL, 'n', 'n@gmail.com', 'n', 'n', 'n', 'Total/Partial Blindness', 'n', 'Single', 'n', 'n', 'n', 'Single', 'n', 'n', 'n', 'Single', 'n', 'n', 'n', 'Male', 'Single', 'n', 'n', 'n', 'Male', 'Single', 'n', 'n', 'n', 'Male', 'Single', 'n', 'n', 'n', 'Male', 'Single', 'n', 'n', 'n', 'Male', 'Single', 'n', 'n', NULL, 'BSCE', 'BSCS', '', 'maer1.jpg', '1-2019-2020', '2019-02-01 23:18:11', 'Yes', 3, 4, 187),
('2019-00030', 'A', 'NN', 'N', 'Single', '2017-12-02', 's', 'Female', '2019-00030', '2019-02-08 15:06:05', 'Yes', 'No', 'No', 'No', 'No', 'No', NULL, NULL, NULL, NULL, NULL, NULL, 'aa', 'annrojas@yahoo.com', 'w', 'a', 'v', 'One/No Hands', 'v', 'Single', 'vv', 'vvv', 'v', 'Married', 'v', 'v', 'v', 'Single', 'c', 'c', 'v', 'Male', 'Single', 'v', 'v', 'v', 'Male', 'Single', 'v', 'v', '', '', '', '', '', '', '', '', '', '', '', '', '', '', '', NULL, 'BSCE', 'BSCS', 'BSCS', 'maer1.jpg', '1-2019-2020', '2019-02-08 15:06:05', 'No', 0, 0, 188),
('2019-00031', 'A', 'A', 'AA', 'Single', '2019-02-04', 'a', 'Male', '2019-00031', '2019-02-08 15:13:00', 'Yes', 'No', 'No', 'No', 'No', 'No', NULL, NULL, NULL, NULL, NULL, NULL, '1', 'annrojas@yahoo.com', '2019', 'a', 'a', 'Low Vision', 'a', 'Single', 'a', 'a', 'a', 'Married', 'a', 'a', 'a', 'Single', 'a', 'a', 'a', 'Female', '', '', '', '', '', '', '', '', '', '', '', '', '', '', '', '', '', '', '', '', '', '', 'w', NULL, 'BSCE', 'BSCE', 'BSCS', 'maer1.jpg', '1-2019-2020', '2019-02-08 15:13:00', 'No', 0, 0, 183),
('2019-00033', 'S', 'S', 'SS', 'Single', '2019-02-25', 'a', 'Male', '2019-00033', '2019-02-08 21:09:32', 'Yes', 'No', 'No', 'No', 'No', 'No', NULL, NULL, NULL, NULL, NULL, NULL, '12', 'annrojas@yahoo.com', '123', 'a', 's', 'Low Vision', 'a', 'Single', 'a', 'a', 'a', 'Married', 'a', 'a', 'x', 'Single', 'x', 'x', 'x', 'Male', 'Single', 'n', 'n', 'c', 'Male', 'Single', 'c', 'c', 'c', 'Female', 'Married', 'c', 'c', 'x', 'Male', 'Single', 'x', 'x', 'x', 'Male', 'Married', 'x', 'wx', NULL, 'BSCE', 'BSCS', 'BSCE', '', '1-2019-2020', '2019-02-08 21:10:57', 'Yes', 0, 4, 188),
('2019-00034', 'Q', 'Q', 'Q', 'Married', '2018-07-03', 'q', 'Female', '2019-00034', '2019-02-11 21:17:49', 'Yes', 'No', 'No', 'No', 'No', 'No', NULL, NULL, NULL, NULL, NULL, NULL, 'q', 'annrojas@yahoo.com', 'www', 'q', 'q', 'Total/Partial Blindness', 't', 'Single', 't', 't', 't', 'Single', 't', 't', 't', 'Married', 't', 't', 't', 'Male', 'Married', 't', 't', 't', 'Male', 'Married', 't', 't', 't', 'Male', 'Single', 't', 't', 't', 'Male', 'Single', 't', 't', 't', 'Male', 'Single', 't', 'wt', NULL, 'BSCE', 'BSCS', 'BSCE', 'maer1.jpg', '1-2019-2020', '2019-02-11 21:17:49', 'No', 0, 0, 183),
('2019-00035', 'JOSE', 'JOSE', 'EUBRA', 'Single', '2019-02-12', 'virc', 'Male', '2019-00035', '2019-02-11 21:23:14', 'Yes', 'No', 'No', 'No', 'No', 'No', NULL, NULL, NULL, NULL, NULL, NULL, '09089145588', 'annrojas@yahoo.com', 'CSU123', 'siv', 'f', 'Low Vision', 'g', 'Single', 'g', 'g', 'g', 'Single', 'g', 'g', 'g', 'Single', 'g', 'g', 'g', 'Male', 'Married', 'g', 'g', 'g', 'Male', 'Single', 'g', 'g', 'g', 'Male', 'Single', 'g', 'g', 'g', 'Male', 'Single', 'g', 'g', 'g', 'Male', 'Single', 'g', 'g', NULL, 'BSCE', 'BSCS', 'BSCE', 'maer1.jpg', '1-2019-2020', '2019-02-11 21:24:17', 'Yes', 0, 4, 187),
('2019-00036', 'G', 'G', 'G', 'Single', '2019-02-18', 'g', 'Male', '2019-00036', '2019-02-12 14:28:05', 'Yes', 'No', 'No', 'No', 'No', 'No', NULL, NULL, NULL, NULL, NULL, NULL, 'aa', 'annrojas@yahoo.com', 'catnes', 'a', 'g', 'Low Vision', 'a', 'Single', 'a', 'a', 'a', 'Married', 'a', 's', 's', 'Single', 's', 's', 'n', 'Male', 'Single', 's', 's', 'w', 'Male', 'Single', 'd', 'd', 'd', 'Female', 'Single', 'd', 'd', 'd', 'Male', 'Single', 's', 's', 's', 'Male', 'Single', 's', 'ws', NULL, 'BSCE', 'BSCS', 'BSCE', 'maer1.jpg', '1-2019-2020', '2019-02-12 14:28:05', 'No', 0, 0, 185),
('2019-00037', 'D', 'D', 'ADA', 'Married', '2019-02-25', 'd', 'Female', '2019-00037', '2019-02-12 15:56:58', 'Yes', 'No', 'No', 'No', 'No', 'No', NULL, NULL, NULL, NULL, NULL, NULL, 'd', 'annrojas@yahoo.com', 'csu', 'd', 'd', 'Low Vision', 'd', 'Single', 'd', 'd', 'd', 'Single', 'd', 'd', 'd', 'Single', 'd', 'd', 'd', 'Male', 'Single', 'd', 'd', 'd', 'Male', 'Single', 'd', 'd', 'd', 'Male', 'Single', 'd', 'd', 'd', 'Male', 'Single', 'd', 'd', 'd', 'Male', 'Single', 'd', 'd', NULL, 'BSCE', 'BSCS', 'BSCE', 'maer1.jpg', '1-2019-2020', '2019-02-12 15:59:05', 'Yes', 2, 5, 187),
('2019-00060', 'TARIMAN', 'JAKE', 'BARBA', 'Single', '1997-02-27', 'Virac, Catanduanes', 'Male', '2019-00060', '2019-02-13 09:44:35', 'Yes', 'No', 'No', 'No', 'No', 'No', NULL, NULL, NULL, NULL, NULL, NULL, '8784512', 'jntariman@gmail.com', 'csu_123', 'dAKHDJK', 'Japanese', 'Low Vision', 'mama', 'Married', 'house wife', 'Self-employed', 'papa', 'Married', 'yt', 'rg', 'fasdf', 'Married', 'gasg', 'fgdag', 'KIM', 'Female', 'Single', 'kinder', 'CIS', 'gfasd', 'Male', 'Single', 'sfadfsdf', 'fadsfsdaf', 'sfda', 'Male', 'Single', 'asdfdfsdf', 'fasdfasdf', 'afasdfsd', 'Male', 'Married', 'sdafafasdf', 'fasdfsadf', 'adfasdf', 'Male', 'Widow/Widower', 'fasdfsd', 'fasdfsda', NULL, 'BSCE', 'BSCS', 'BSCE', 'cict_logo_2013.jpg', '1-2019-2020', '2019-02-13 09:44:35', 'No', 0, 0, 185),
('2019-00071', 'BORJA', 'MAIKA', 'EVANGELISTA', 'Single', '1998-10-23', 'Virac', 'Female', '2019-00071', '2019-02-13 09:46:10', 'Yes', 'No', 'No', 'No', 'No', 'No', NULL, NULL, NULL, NULL, NULL, NULL, '0907384899', 'maikae.borja98@gmail.com', '123', 'Gogon Centro', 'Filipino', '', 'Bivilyn Evangelista', 'Married', 'Teacher', 'DepEd', 'Freddie Borja', 'Married', 'store keeper', 'Self Employed', 'Bivilyn Evangelista', 'Married', 'teacher', 'deped', 'Blanka Borja', 'Female', 'Single', 'College', 'Cnhs', 'Jam', 'Female', 'Single', 'highschool', 'cnhs', 'anthony', 'Male', 'Single', 'elem', 'vpes', 'a', 'Female', 'Single', 's', 's', 'b', 'Female', 'Married', 'b', 'b', NULL, 'BSCE', 'BSCS', 'BSCS', 'Maika.jpg', '1-2019-2020', '2019-02-13 09:46:10', 'No', 0, 0, 188),
('2019-00085', 'TULOD', 'JOHN ', 'TURA', 'Single', '1998-12-04', 'Viga,Catanduanes', 'Male', '2019-00085', '2019-02-13 09:50:56', 'Yes', 'No', 'No', 'No', 'No', 'No', NULL, NULL, NULL, NULL, NULL, NULL, '09108313224', 'johntulod88@gmail.com', '123', 'Burgos,Viga', 'Filipino', '', 'Mayline Tura', 'Married', 'Farmer', 'n/a', 'Sannie Tulod', 'Married', 'Farmer', 'n/a', 'Sannie Tulod ', 'Married', 'farmer', 'n/a', 'Sandy Tulod', 'Male', 'Single', 'college graduate', '', 'Meljon Tulod', 'Male', 'Single', '1st year', 'CSU', 'Bea Tulod', 'Female', 'Single', 'Grade 8', 'SjNHS', 'n/a', 'Male', 'Single', 'n/a', 'n/a', 'n/a', 'Male', 'Single', 'n/a', 'n/a', NULL, 'BSCE', 'BSCS', 'BSCE', 'cict_logo_2013.jpg', '1-2019-2020', '2019-02-13 09:50:56', 'No', 0, 0, 181),
('2019-00091', 'H', 'DH', 'HH', 'Married', '2019-02-11', 'h', 'Female', '2019-00091', '2019-02-13 10:04:39', 'Yes', 'No', 'No', 'No', 'No', 'No', NULL, NULL, NULL, NULL, NULL, NULL, 'f', 'annrojas@yahoo.com', 'CSU_123', 'f', 'f', 'Low Vision', 'd', 'Single', 'd', 'd', 'd', 'Single', 'd', 'd', 'd', 'Married', 'd', 'd', 'd', 'Male', 'Married', 'd', 'd', 'd', 'Female', 'Single', 'c', 'c', 'c', 'Male', 'Single', 'v', 'v', 'v', 'Male', 'Single', 'v', 'v', 'f', 'Female', 'Single', 'a', 'r', NULL, '', '', '', 'maer1.jpg', '1-2019-2020', '2019-02-13 10:07:23', 'Yes', 1, 5, 188),
('2019-00092', 'S', 'S', 'SSS', 'Single', '2019-02-25', 'virc', 'Female', '2019-00092', '2019-02-13 10:43:20', 'Yes', 'No', 'No', 'No', 'No', 'No', NULL, NULL, NULL, NULL, NULL, NULL, '445', 'annrojas@yahoo.com', 'csu', 'c', 'v', 'Low Vision', 's', 'Married', '8', 'g', 'd', 'Married', 'g', 'h', 'h', 'Single', 'j', 'j', 'd', 'Male', 'Married', 's', 'd', 'd', 'Male', 'Married', 's', 's', 'd', 'Male', 'Married', 'd', 'd', 'd', 'Male', 'Single', 'd', 'd', 'd', 'Male', 'Single', 'd', 'w', NULL, 'BSCE', 'BSCS', 'BSCE', 'maer1.jpg', '1-2019-2020', '2019-02-13 10:45:58', 'Yes', 0, 5, 185),
('2019-00093', 'SDS', 'SD', 'SDSD', 'Single', '2019-02-14', 'dsd', 'Male', '2019-00093', '2019-02-13 10:53:24', 'Yes', 'No', 'No', 'No', 'No', 'No', NULL, NULL, NULL, NULL, NULL, NULL, '09', 'ds@gmail.com', 'qwerty', 'dsd', 'dss', 'Total/Partial Blindness', 'dfsfs', 'Single', 'dfsdf', 'dfsdf', 'dfsd', 'Single', 'dfsd', 'dfdf', 'dfd', 'Single', 'dfsdf', 'dfdf', 'dfdf', 'Male', '', 'dfsdf', 'dfdf', '', '', '', '', '', '', '', '', '', '', '', '', '', '', '', '', '', '', '', '', NULL, 'BSCS', 'BSCE', 'BSCE', '', '1-2019-2020', '2019-02-13 10:53:24', 'No', 0, 0, 188),
('2019-00094', 'CEBIN', 'JAKE', 'HAHA', 'Married', '1997-05-31', 'Paris, France', 'Male', '2019-00094', '2019-02-13 10:53:34', 'Yes', 'No', 'No', 'No', 'No', 'No', NULL, NULL, NULL, NULL, NULL, NULL, '09', 'wow@wow.com', 'kev', 'hi', 'Mexican', 'One/No Hands', 'fds', 'Married', 'dfs', 'sfd', 'sfs', 'Married', 'sfd', 'sdf', 'sf', 'Single', 'sdf', 'sfd', 'ads', 'Female', 'Single', 'ads', 'adsa', '', '', '', '', '', '', '', '', '', '', '', '', '', '', '', '', '', '', '', '', NULL, 'BSCE', 'BSCS', 'BSCE', 'cict_logo_2013.jpg', '1-2019-2020', '2019-02-13 10:53:34', 'No', 0, 0, 189),
('2019-00095', 'ASD', 'ASD', 'SAD', 'Single', '2019-02-17', 'gtgfd', 'Male', '2019-00095', '2019-02-13 10:54:27', 'Yes', 'No', 'No', 'No', 'No', 'No', NULL, NULL, NULL, NULL, NULL, NULL, 'hhyf', 'hjrte@yjt.jy', 'qwe', 'hgh', 'hyhy', 'Low Vision', 'hhf', 'Single', 'yui', 'yui', 'yui', 'Single', 'yui', 'yui', 'yui', 'Single', 'yui', 'uio', 'rrjj', 'Male', 'Single', 'tur', 'jryutyju', '', '', '', '', '', '', '', '', '', '', '', '', '', '', '', '', '', '', '', '', NULL, 'BSCE', 'BSCE', 'BSCE', 'cict_logo_2013.jpg', '1-2019-2020', '2019-02-13 10:54:27', 'No', 0, 0, 188),
('2019-00096', 'MAGIC', 'HARITH', 'FOR', 'Single', '2019-02-14', 'Virac', 'Male', '2019-00096', '2019-02-13 10:55:29', 'Yes', 'No', 'No', 'No', 'No', 'No', NULL, NULL, NULL, NULL, NULL, NULL, '34543', 'jhdgj@jnsd.com', 'cute', 'Sad', 'Fil', 'Low Vision', 'Marie', 'Married', 'sa', 'sad', 'Tud', 'Single', 'asfd', 'saf', 'Antoinette', 'Widow/Widower', 'asdsa', 'sds', 'sdfsa', 'Male', 'Married', 'sadsa', 'safdsa', '', '', '', '', '', '', '', '', '', '', '', '', '', '', '', '', '', '', '', '', NULL, 'BSCE', 'BSCS', 'BSCE', 'cict_logo_2013.jpg', '1-2019-2020', '2019-02-13 10:55:29', 'No', 0, 0, 181),
('2019-00097', 'SFDDF', 'DSFDF', 'SFDSD', 'Single', '2019-02-14', 'sdf', 'Male', '2019-00097', '2019-02-13 10:55:52', 'Yes', 'No', 'No', 'No', 'No', 'No', NULL, NULL, NULL, NULL, NULL, NULL, '4', 'sdf@gmail.com', '123', 'sdf', 'sfd', 'Oral Defect', 'sfdsdf', 'Married', 'sfdsfd', 'sdfsdf', 'dsffs', 'Married', 'sdfw', 'wwds', 'dfsf', 'Single', 'fsdg', 'sdgf', 'fsdfs', 'Male', 'Single', 'sdfd', 'sdfsgdd', '', '', '', '', '', '', '', '', '', '', '', '', '', '', '', '', '', '', '', '', NULL, 'BSCE', 'BSCS', 'BSCE', '', '1-2019-2020', '2019-02-13 10:55:52', 'No', 0, 0, 188),
('2019-00100', 'BAUTISTA', 'JEF', 'TATEL', 'Single', '2019-12-02', 'san andres', 'Male', '2019-00100', '2019-02-13 10:56:19', 'Yes', 'No', 'No', 'No', 'No', 'No', NULL, NULL, NULL, NULL, NULL, NULL, '12345', 'jeftatel@gmail.com', '12345', 'lictin', 'Filipino', 'Low Vision', 'fdh', 'Married', 'hgfhfd', 'hfdsh', 'sdh', 'Married', 'sdfhsd', 'dfsh', 'fhgfd', 'Married', 'dsfh', 'sdfh', 'dfhsfd', 'Female', 'Single', 'dfh', 'hfd', 'dfhfd', 'Female', 'Single', 'dfh', 'hgfh', 'xzv', 'Female', 'Single', 'vzvd', 'zxvxz', 'gfrg', 'Female', 'Single', 'fdgfadg', 'fgfdgf', 'fdgf', 'Male', 'Single', 'dfgfdg', 'ffgfg', NULL, 'BSCS', 'BSCE', 'BSCS', 'cict_logo_2013.jpg', '1-2019-2020', '2019-02-13 10:56:19', 'No', 0, 0, 188),
('2019-00103', 'DIZON', 'DAISY', '', 'Single', '1999-12-12', 'fdfd', 'Male', '2019-00103', '2019-02-13 10:56:47', 'Yes', 'No', 'No', 'No', 'No', 'No', NULL, NULL, NULL, NULL, NULL, NULL, 'gg', 'hghgh@gmail.com', 'csu', 'hg', 'fdd', 'Oral Defect', 'hgh', 'Single', 'fdfs', 'fdf', 'fdf', 'Widow/Widower', 'vdfdf', 'fdfd', 'fdf', 'Single', 'fdfd', 'fdfd', 'ggf', '', '', '', '', '', '', '', '', '', '', '', '', '', '', '', '', '', '', '', '', '', '', '', '', NULL, 'BSCE', 'BSCS', 'BSCE', '', '1-2019-2020', '2019-02-13 10:56:47', 'No', 0, 0, 188),
('2019-00105', 'ASD', 'ASD', 'SAD', 'Single', '2019-02-17', 'gtgfd', 'Male', '2019-00105', '2019-02-13 10:57:29', 'Yes', 'No', 'No', 'No', 'No', 'No', NULL, NULL, NULL, NULL, NULL, NULL, 'hhyf', 'hjrte@yjt.jy', 'qwe', 'hgh', 'hyhy', 'Low Vision', 'hhf', 'Single', 'yui', 'yui', 'yui', 'Single', 'yui', 'yui', 'yui', 'Single', 'yui', 'uio', 'rrjj', 'Male', 'Single', 'tur', 'jryutyju', '', '', '', '', '', '', '', '', '', '', '', '', '', '', '', '', '', '', '', '', NULL, 'BSCE', 'BSCE', 'BSCE', 'cict_logo_2013.jpg', '1-2019-2020', '2019-02-13 10:57:29', 'No', 0, 0, 188),
('2019-00107', 'GHF', 'FGH', 'HGGFH', 'Single', '2019-12-15', 'Virac, Catanduanes', 'Male', '2019-00107', '2019-02-13 10:58:07', 'Yes', 'No', 'No', 'No', 'No', 'No', NULL, NULL, NULL, NULL, NULL, NULL, '09090909090', 'qwerty123@gmail.com', 'csu', 'fsd', 'Filipino', '', 'hfg', 'Married', 'hfdggdfjg', 'tgdghfhfg', 'hfghgf', 'Married', 'sfggkf', 'gjkfhgfh', 'ghtfg', 'Separated', 'ghfdg', 'ghgfh', 'qwerty', 'Male', 'Widow/Widower', 'fhfhgf', 'hfgf', 'gdfgh', 'Male', 'Single', 'hghj', 'hjghjh', 'jgfj', 'Male', 'Married', 'ghdg', 'jhgg', 'ghfj', 'Male', 'Single', 'dfghgjh', 'gjjhjg', 'ghjfgj', 'Male', 'Married', 'fhdhg', 'ghjghj', NULL, 'BSCE', 'BSCS', 'BSCE', 'cict_logo_2013.jpg', '1-2019-2020', '2019-02-13 10:58:07', 'No', 0, 0, 183),
('2019-00112', 'DFGD', 'DAISY', 'GFG', 'Married', '1999-09-21', 'fdfd', 'Male', '2019-00112', '2019-02-13 10:58:45', 'Yes', 'No', 'No', 'No', 'No', 'No', NULL, NULL, NULL, NULL, NULL, NULL, 'gg', 'hghgh@gmail.com', 'csu', 'hg', 'fdd', 'Total/Partial Blindness', 'hgh', 'Single', 'fdfs', 'fdf', 'jh', 'Single', 'jh', 'jh', 'jh', 'Single', 'fdfd', 'fdfd', 'ggf', 'Male', 'Single', 'jh', 'jh', 'jh', 'Male', 'Single', 'jh', 'jh', 'jh', 'Female', 'Single', 'jh', 'jh', 'jh', 'Male', 'Single', 'jh', 'jh', 'jh', 'Male', 'Married', 'jh', 'jh', NULL, 'BSCE', 'BSCE', 'BSCE', 'cict_logo_2013.jpg', '1-2019-2020', '2019-02-13 10:58:45', 'No', 0, 0, 188),
('2019-00113', 'ASD', 'ASD', 'SAD', 'Single', '2019-02-17', 'gtgfd', 'Male', '2019-00113', '2019-02-13 10:58:59', 'Yes', 'No', 'No', 'No', 'No', 'No', NULL, NULL, NULL, NULL, NULL, NULL, 'hhyf', 'hjrte@yjt.jy', 'qwe', 'hgh', 'hyhy', 'Low Vision', 'hhf', 'Single', 'yui', 'yui', 'yui', 'Single', 'yui', 'yui', 'yui', 'Single', 'yui', 'uio', 'rrjj', 'Male', 'Single', 'tur', 'jryutyju', 'wqe', 'Male', 'Single', 'wqe', 'weq', 'qwe', 'Male', 'Married', 'wqe', 'weq', 'wqe', 'Female', 'Single', 'sdfewr', 'ewr', 'wer', 'Female', 'Married', 'werr', 'wer', NULL, 'BSCE', 'BSCE', 'BSCE', '', '1-2019-2020', '2019-02-13 10:58:59', 'No', 0, 0, 188),
('2019-00118', 'I', 'I', 'I', 'Married', '2019-02-27', 'i', 'Female', '2019-00118', '2019-02-15 08:37:43', 'Yes', 'No', 'No', 'No', 'No', 'No', NULL, NULL, NULL, NULL, NULL, NULL, 'd', 'annrojas@yahoo.com', 'Admin', 'a', 'i', 'Low Vision', 'a', 'Single', 'f', 'f', 'f', 'Single', 'f', 'f', 'f', 'Single', 'f', 'f', 'f', 'Female', 'Married', 'f', 'f', 'f', 'Male', 'Single', 'ff', 'f', 'f', 'Female', 'Single', 'f', 'f', 'f', 'Female', 'Single', 'f', 'f', 'f', 'Male', 'Single', 'f', 'wf', NULL, 'BSCE', 'BSCS', 'BSCE', 'maer1.jpg', '1-2019-2020', '2019-02-15 08:37:43', 'No', 0, 0, 185),
('2019-00130', 'K', 'K', '', 'Single', '2017-12-31', '', 'Male', '2019-00130', '2019-02-15 15:29:17', 'Yes', 'No', 'No', 'No', 'No', 'No', NULL, NULL, NULL, NULL, NULL, NULL, '', '', 'k', 'k', 'k', '', '', '', '', '', '', '', '', '', '', '', '', '', '', '', '', '', '', '', '', '', '', '', '', '', '', '', '', '', '', '', '', '', '', '', '', '', '', NULL, '', '', '', '', '1-2019-2020', '2019-02-15 15:29:17', 'No', 0, 0, 188),
('2019-00131', 'J', 'J', '', 'Single', '2019-12-31', '', 'Male', '2019-00131', '2019-02-15 16:16:12', 'Yes', 'No', 'No', 'No', 'No', 'No', NULL, NULL, NULL, NULL, NULL, NULL, '', '', 'j', 'j', 'j', '', '', '', '', '', '', '', '', '', '', '', '', '', '', '', '', '', '', '', '', '', '', '', '', '', '', '', '', '', '', '', '', '', '', '', '', '', '', NULL, '', '', '', '', '1-2019-2020', '2019-02-15 16:16:12', 'No', 0, 0, 188),
('2019-00132', 'H', 'H', '', 'Single', '2017-12-31', '', 'Male', '2019-00132', '2019-02-15 16:46:40', 'Yes', 'No', 'No', 'No', 'No', 'No', NULL, NULL, NULL, NULL, NULL, NULL, '', '', 'h', 'h', 'h', '', '', '', '', '', '', '', '', '', '', '', '', '', '', '', '', '', '', '', '', '', '', '', '', '', '', '', '', '', '', '', '', '', '', '', '', '', '', NULL, '', '', '', '', '1-2019-2020', '2019-02-15 16:46:40', 'No', 0, 0, 188),
('2019-00133', 'W', 'W', '', 'Widow/Widower', '2017-12-31', '', 'Male', '2019-00133', '2019-02-15 16:48:10', 'Yes', 'No', 'No', 'No', 'No', 'No', NULL, NULL, NULL, NULL, NULL, NULL, '', '', 'w', 'w', 'w', '', '', '', '', '', '', '', '', '', '', '', '', '', '', '', '', '', '', '', '', '', '', '', '', '', '', '', '', '', '', '', '', '', '', '', '', '', '', NULL, '', '', '', '', '1-2019-2020', '2019-02-15 16:48:10', 'No', 0, 0, 188),
('2019-00134', 'V', 'V', '', 'Single', '2018-11-30', '', 'Male', '2019-00134', '2019-02-15 16:49:49', 'Yes', 'No', 'No', 'No', 'No', 'No', NULL, NULL, NULL, NULL, NULL, NULL, '', '', 'w', 'w', 'w', '', '', '', '', '', '', '', '', '', '', '', '', '', '', '', '', '', '', '', '', '', '', '', '', '', '', '', '', '', '', '', '', '', '', '', '', '', '', NULL, '', '', '', '', '1-2019-2020', '2019-02-15 16:49:49', 'No', 0, 0, 188),
('2019-00135', 'R', 'W', 'C', 'Married', '2019-02-10', 'a', 'Female', '2019-00135', '2019-02-15 21:21:59', 'Yes', 'No', 'No', 'No', 'No', 'No', NULL, NULL, NULL, NULL, NULL, NULL, 'c', 'annrojas@yahoo.com', 'CSU', 'h', 'j', '', 'd', 'Single', 'a', 'a', 'a', 'Single', 'a', 'a', 'a', 'Single', 'a', 'a', 'a', 'Male', 'Married', 'aa', 'a', 'a', 'Male', 'Single', 'a', 'a', 'a', 'Male', 'Single', 'c', 'c', 'd', 'Male', 'Married', 'c', 'c', 'c', 'Male', 'Single', 'c', 'c', NULL, 'BSCE', 'BSCS', 'BSCE', 'maer1.jpg', '1-2019-2020', '2019-02-15 21:21:59', 'No', 0, 0, 185),
('2019-00136', 'H', 'H', 'C', 'Married', '2019-02-11', 'A', 'Female', '2019-00136', '2019-02-15 21:26:02', 'Yes', 'No', 'No', 'No', 'No', 'No', NULL, NULL, NULL, NULL, NULL, NULL, 'A', 'annrojas@yahoo.com', '123', 'A', 'D', 'Low Vision', 'D', 'Single', 'a', 'a', 'a', 'Single', 'a', 'a', 'a', 'Single', 'a', 'a', 'a', 'Male', 'Married', 'aa', 'a', 'A', 'Male', 'Married', 'a', 'a', 'a', 'Male', 'Married', 'A', 'C', 'd', 'Male', 'Single', 'N', 'M', 'c', 'Male', 'Single', 'c', 'c', NULL, 'BSCE', 'BSCS', 'BSCE', 'maer1.jpg', '1-2019-2020', '2019-02-15 21:26:02', 'No', 0, 0, 185),
('2019-00137', 'JOSE', 'D', 'H', 'Married', '2019-02-18', 'l', 'Female', '2019-00137', '2019-02-15 21:29:41', 'Yes', 'No', 'No', 'No', 'No', 'No', NULL, NULL, NULL, NULL, NULL, NULL, 'aa', 'annrojas@yahoo.com', 'ANN', 'a', 'l', 'Low Vision', 'a', 'Single', 'a', 'a', '', '', '', '', '', '', '', '', '', '', '', '', '', '', '', '', '', '', '', '', '', '', '', '', '', '', '', '', '', '', '', '', 'w', NULL, 'BSCE', 'BSCS', 'BSCE', 'maer1.jpg', '1-2019-2020', '2019-02-15 21:29:41', 'No', 0, 0, 187),
('2019-00138', 'ROJAS', 'MARIA', 'EUBRA', 'Married', '2019-02-17', 'Pandan, Cataknduanes', 'Female', '2019-00138', '2019-02-15 22:02:20', 'Yes', 'No', 'No', 'No', 'No', 'No', NULL, NULL, NULL, NULL, NULL, NULL, '09089145588', 'annrojas@yahoo.com', 'CSU_123', 'SIV', 'Filipino', '', 'Lolita ', 'Married', 'a', 'a', 'Jose', 'Married', 'a', 'a', '', '', '', '', '', '', '', '', '', '', '', '', '', '', '', '', '', '', '', '', '', '', '', '', '', '', '', '', '', NULL, 'BSCE', 'BSCS', 'BSCE', 'maer1.jpg', '1-2019-2020', '2019-02-15 22:02:20', 'No', 0, 0, 185),
('2019-00139', 'A', 'D', 'ADA', 'Married', '2019-02-06', 'virc', 'Male', '2019-00139', '2019-02-15 22:06:30', 'Yes', 'No', 'No', 'No', 'No', 'No', NULL, NULL, NULL, NULL, NULL, NULL, 's', 'annrojas@yahoo.com', 'catanduanes', 's', 'n', 'Low Vision', 's', 'Single', 's', 's', 's', 'Single', 's', 's', 'ss', 'Single', 's', 's', 's', 'Male', 'Married', 's', 's', 's', 'Male', 'Single', 's', 's', 's', 'Male', 'Single', 's', 's', 's', 'Male', 'Single', 's', 's', 's', 'Male', 'Single', 'd', 'c', NULL, 'BSCE', 'BSCS', 'BSCE', 'maer1.jpg', '1-2019-2020', '2019-02-15 22:06:30', 'No', 0, 0, 189),
('2019-00140', 'U', 'U', 'U', 'Married', '2019-02-04', 'u', 'Female', '2019-00140', '2019-02-15 22:19:14', 'Yes', 'No', 'No', 'No', 'No', 'No', NULL, NULL, NULL, NULL, NULL, NULL, '5', 'annrojas@yahoo.com', 'CSU1', 'u', 'u', 'Low Vision', 'r', 'Single', 'r', 'r', 'r', 'Single', 'r', 'r', 'r', 'Single', 'r', 'r', 'r', 'Male', 'Single', 'r', 'r', 'n', 'Male', 'Single', 'r', 'r', 'r', 'Male', 'Single', 'r', 'r', 'r', 'Male', 'Single', 'r', 'r', 'r', 'Male', 'Single', 'r', '6', NULL, 'BSCE', 'BSCS', 'BSCE', 'maer1.jpg', '1-2019-2020', '2019-02-15 22:19:14', 'No', 0, 0, 185),
('2019-00141', 'A', 'A', 'ADA', 'Single', '2019-02-12', 'a', 'Male', '2019-00141', '2019-02-01 08:43:46', 'Yes', 'No', 'No', 'No', 'No', 'No', NULL, NULL, NULL, NULL, NULL, NULL, '2', 'annrojas@yahoo.com', 'CSU', 'q', 'a', 'Low Vision', 'a', 'Single', 'a', 'a', 'a', 'Single', 'a', 'a', 'a', 'Single', 'a', 'a', 'a', 'Female', 'Single', 'a', 'a', 'a', 'Male', 'Single', 'a', 'a', 'a', 'Female', 'Married', 'a', 'a', 'a', 'Male', 'Single', 'a', 'a', 'a', 'Male', 'Single', 'a', 'wa', NULL, 'BSCE', 'BSCS', 'BSCE', 'maer1.jpg', '1-2019-2020', '2019-02-01 08:43:46', 'No', 0, 0, 185);

-- --------------------------------------------------------

--
-- Table structure for table `appno`
--

CREATE TABLE IF NOT EXISTS `appno` (
  `seqno` int(11) NOT NULL AUTO_INCREMENT,
  `sy` year(4) NOT NULL,
  `appno` varchar(11) NOT NULL DEFAULT '',
  PRIMARY KEY (`seqno`,`sy`) USING BTREE,
  KEY `sy` (`sy`) USING BTREE
) ENGINE=MyISAM  DEFAULT CHARSET=latin1 AUTO_INCREMENT=142 ;

--
-- Dumping data for table `appno`
--

INSERT INTO `appno` (`seqno`, `sy`, `appno`) VALUES
(1, 2017, '2017-00001'),
(2, 2017, '2017-00002'),
(3, 2017, '2017-00003'),
(4, 2017, '2017-00004'),
(5, 2017, '2017-00005'),
(6, 2017, '2017-00006'),
(7, 2017, '2017-00007'),
(8, 2017, '2017-00008'),
(9, 2017, '2017-00009'),
(10, 2017, '2017-00010'),
(11, 2017, '2017-00011'),
(12, 2017, '2017-00012'),
(13, 2017, '2017-00013'),
(14, 2017, '2017-00014'),
(1, 2019, '2019-00001'),
(2, 2019, '2019-00002'),
(3, 2019, '2019-00003'),
(4, 2019, '2019-00004'),
(5, 2019, '2019-00005'),
(6, 2019, '2019-00006'),
(7, 2019, '2019-00007'),
(8, 2019, '2019-00008'),
(9, 2019, '2019-00009'),
(10, 2019, '2019-00010'),
(11, 2019, '2019-00011'),
(12, 2019, '2019-00012'),
(13, 2019, '2019-00013'),
(14, 2019, '2019-00014'),
(15, 2019, '2019-00015'),
(16, 2019, '2019-00016'),
(17, 2019, '2019-00017'),
(18, 2019, '2019-00018'),
(19, 2019, '2019-00019'),
(20, 2019, '2019-00020'),
(21, 2019, '2019-00021'),
(22, 2019, '2019-00022'),
(23, 2019, '2019-00023'),
(24, 2019, '2019-00024'),
(25, 2019, '2019-00025'),
(26, 2019, '2019-00026'),
(27, 2019, '2019-00027'),
(28, 2019, '2019-00028'),
(29, 2019, '2019-00029'),
(30, 2019, '2019-00030'),
(31, 2019, '2019-00031'),
(32, 2019, '2019-00032'),
(33, 2019, '2019-00033'),
(34, 2019, '2019-00034'),
(35, 2019, '2019-00035'),
(36, 2019, '2019-00036'),
(37, 2019, '2019-00037'),
(38, 2019, '2019-00038'),
(39, 2019, '2019-00039'),
(40, 2019, '2019-00040'),
(41, 2019, '2019-00041'),
(42, 2019, '2019-00042'),
(43, 2019, '2019-00043'),
(44, 2019, '2019-00044'),
(45, 2019, '2019-00045'),
(46, 2019, '2019-00046'),
(47, 2019, '2019-00047'),
(48, 2019, '2019-00048'),
(49, 2019, '2019-00049'),
(50, 2019, '2019-00050'),
(51, 2019, '2019-00051'),
(52, 2019, '2019-00052'),
(53, 2019, '2019-00053'),
(54, 2019, '2019-00054'),
(55, 2019, '2019-00055'),
(56, 2019, '2019-00056'),
(57, 2019, '2019-00057'),
(58, 2019, '2019-00058'),
(59, 2019, '2019-00059'),
(60, 2019, '2019-00060'),
(61, 2019, '2019-00061'),
(62, 2019, '2019-00062'),
(63, 2019, '2019-00063'),
(64, 2019, '2019-00064'),
(65, 2019, '2019-00065'),
(66, 2019, '2019-00066'),
(67, 2019, '2019-00067'),
(68, 2019, '2019-00068'),
(69, 2019, '2019-00069'),
(70, 2019, '2019-00070'),
(71, 2019, '2019-00071'),
(72, 2019, '2019-00072'),
(73, 2019, '2019-00073'),
(74, 2019, '2019-00074'),
(75, 2019, '2019-00075'),
(76, 2019, '2019-00076'),
(77, 2019, '2019-00077'),
(78, 2019, '2019-00078'),
(79, 2019, '2019-00079'),
(80, 2019, '2019-00080'),
(81, 2019, '2019-00081'),
(82, 2019, '2019-00082'),
(83, 2019, '2019-00083'),
(84, 2019, '2019-00084'),
(85, 2019, '2019-00085'),
(86, 2019, '2019-00086'),
(87, 2019, '2019-00087'),
(88, 2019, '2019-00088'),
(89, 2019, '2019-00089'),
(90, 2019, '2019-00090'),
(91, 2019, '2019-00091'),
(92, 2019, '2019-00092'),
(93, 2019, '2019-00093'),
(94, 2019, '2019-00094'),
(95, 2019, '2019-00095'),
(96, 2019, '2019-00096'),
(97, 2019, '2019-00097'),
(98, 2019, '2019-00098'),
(99, 2019, '2019-00099'),
(100, 2019, '2019-00100'),
(101, 2019, '2019-00101'),
(102, 2019, '2019-00102'),
(103, 2019, '2019-00103'),
(104, 2019, '2019-00104'),
(105, 2019, '2019-00105'),
(106, 2019, '2019-00106'),
(107, 2019, '2019-00107'),
(108, 2019, '2019-00108'),
(109, 2019, '2019-00109'),
(110, 2019, '2019-00110'),
(111, 2019, '2019-00111'),
(112, 2019, '2019-00112'),
(113, 2019, '2019-00113'),
(114, 2019, '2019-00114'),
(115, 2019, '2019-00115'),
(116, 2019, '2019-00116'),
(117, 2019, '2019-00117'),
(118, 2019, '2019-00118'),
(119, 2019, '2019-00119'),
(120, 2019, '2019-00120'),
(121, 2019, '2019-00121'),
(122, 2019, '2019-00122'),
(123, 2019, '2019-00123'),
(124, 2019, '2019-00124'),
(125, 2019, '2019-00125'),
(126, 2019, '2019-00126'),
(127, 2019, '2019-00127'),
(128, 2019, '2019-00128'),
(129, 2019, '2019-00129'),
(130, 2019, '2019-00130'),
(131, 2019, '2019-00131'),
(132, 2019, '2019-00132'),
(133, 2019, '2019-00133'),
(134, 2019, '2019-00134'),
(135, 2019, '2019-00135'),
(136, 2019, '2019-00136'),
(137, 2019, '2019-00137'),
(138, 2019, '2019-00138'),
(139, 2019, '2019-00139'),
(140, 2019, '2019-00140'),
(141, 2019, '2019-00141');

-- --------------------------------------------------------

--
-- Table structure for table `computer`
--

CREATE TABLE IF NOT EXISTS `computer` (
  `num` varchar(100) NOT NULL DEFAULT '',
  `LastUpdate` datetime NOT NULL DEFAULT '0000-00-00 00:00:00',
  `remarks` varchar(100) NOT NULL DEFAULT ''
) ENGINE=MyISAM DEFAULT CHARSET=latin1;

--
-- Dumping data for table `computer`
--

INSERT INTO `computer` (`num`, `LastUpdate`, `remarks`) VALUES
('54-AB-3A-1B-67-0F', '2019-02-15 22:23:23', 'this a server pc, num is');

-- --------------------------------------------------------

--
-- Table structure for table `control`
--

CREATE TABLE IF NOT EXISTS `control` (
  `scSchName` varchar(60) NOT NULL DEFAULT '',
  `scSchAddress` varchar(40) NOT NULL DEFAULT '',
  `scHead` varchar(50) NOT NULL,
  `scHeadTitle` varchar(50) NOT NULL,
  `scTestOff` varchar(50) NOT NULL,
  `scTOTitle` varchar(50) NOT NULL,
  `scSem` enum('1','2','3') NOT NULL DEFAULT '1',
  `scSYFr` year(4) NOT NULL,
  `scSYTo` year(4) NOT NULL,
  `scLUser` varchar(15) NOT NULL DEFAULT '',
  `scLDate` timestamp NOT NULL DEFAULT CURRENT_TIMESTAMP,
  PRIMARY KEY (`scSchName`)
) ENGINE=MyISAM DEFAULT CHARSET=latin1;

--
-- Dumping data for table `control`
--

INSERT INTO `control` (`scSchName`, `scSchAddress`, `scHead`, `scHeadTitle`, `scTestOff`, `scTOTitle`, `scSem`, `scSYFr`, `scSYTo`, `scLUser`, `scLDate`) VALUES
('Christian Polytechnic Institute of Catanduanes, Inc.', 'Francia, Virac, Catanduanes', 'Atty. Arnel Sarmiento', 'President', 'Mrs. Nida A. Adille', 'Registrar', '1', 2019, 2020, 'admin', '2019-01-21 20:32:02');

-- --------------------------------------------------------

--
-- Table structure for table `equiv`
--

CREATE TABLE IF NOT EXISTS `equiv` (
  `eqID` int(11) NOT NULL AUTO_INCREMENT,
  `eqTopic` int(11) NOT NULL,
  `eqSex` varchar(6) NOT NULL,
  `eqScore` int(11) NOT NULL,
  `eqPercent` int(11) NOT NULL,
  `eqStanine` int(11) NOT NULL,
  `eqScaled` int(11) NOT NULL,
  PRIMARY KEY (`eqID`)
) ENGINE=MyISAM  DEFAULT CHARSET=latin1 AUTO_INCREMENT=821 ;

--
-- Dumping data for table `equiv`
--

INSERT INTO `equiv` (`eqID`, `eqTopic`, `eqSex`, `eqScore`, `eqPercent`, `eqStanine`, `eqScaled`) VALUES
(1, 1, 'Male', 40, 99, 9, 343),
(2, 1, 'Male', 39, 99, 9, 329),
(3, 1, 'Male', 38, 99, 9, 315),
(4, 1, 'Male', 37, 98, 9, 306),
(5, 1, 'Male', 36, 97, 9, 299),
(6, 1, 'Male', 35, 96, 9, 294),
(7, 1, 'Male', 34, 94, 8, 289),
(8, 1, 'Male', 33, 91, 8, 285),
(9, 1, 'Male', 32, 88, 7, 281),
(10, 1, 'Male', 31, 86, 7, 278),
(11, 1, 'Male', 30, 83, 7, 275),
(12, 1, 'Male', 29, 79, 7, 272),
(13, 1, 'Male', 28, 75, 6, 269),
(14, 1, 'Male', 27, 72, 6, 267),
(15, 1, 'Male', 26, 68, 6, 264),
(16, 1, 'Male', 25, 66, 6, 262),
(17, 1, 'Male', 24, 61, 6, 259),
(18, 1, 'Male', 23, 58, 5, 257),
(19, 1, 'Male', 22, 54, 5, 255),
(20, 1, 'Male', 21, 48, 5, 252),
(21, 1, 'Male', 20, 45, 5, 250),
(22, 1, 'Male', 19, 42, 5, 248),
(23, 1, 'Male', 18, 37, 4, 245),
(24, 1, 'Male', 17, 34, 4, 243),
(25, 1, 'Male', 16, 31, 4, 241),
(26, 1, 'Male', 15, 27, 4, 238),
(27, 1, 'Male', 14, 25, 4, 236),
(28, 1, 'Male', 13, 21, 3, 233),
(29, 1, 'Male', 12, 18, 3, 231),
(30, 1, 'Male', 11, 15, 3, 228),
(31, 1, 'Male', 10, 12, 3, 225),
(32, 1, 'Male', 9, 10, 2, 222),
(33, 1, 'Male', 8, 8, 2, 219),
(34, 1, 'Male', 7, 6, 2, 215),
(35, 1, 'Male', 6, 4, 2, 211),
(36, 1, 'Male', 5, 3, 1, 206),
(37, 1, 'Male', 4, 2, 1, 201),
(38, 1, 'Male', 3, 1, 1, 194),
(39, 1, 'Male', 2, 1, 1, 185),
(40, 1, 'Male', 1, 1, 1, 171),
(41, 1, 'Female', 40, 99, 9, 343),
(42, 1, 'Female', 39, 99, 9, 329),
(43, 1, 'Female', 38, 99, 9, 315),
(44, 1, 'Female', 37, 99, 9, 306),
(45, 1, 'Female', 36, 98, 9, 299),
(46, 1, 'Female', 35, 97, 9, 294),
(47, 1, 'Female', 34, 95, 8, 289),
(48, 1, 'Female', 33, 93, 8, 285),
(49, 1, 'Female', 32, 90, 8, 281),
(50, 1, 'Female', 31, 87, 7, 278),
(51, 1, 'Female', 30, 84, 7, 275),
(52, 1, 'Female', 29, 81, 7, 272),
(53, 1, 'Female', 28, 78, 7, 269),
(54, 1, 'Female', 27, 75, 6, 267),
(55, 1, 'Female', 26, 71, 6, 264),
(56, 1, 'Female', 25, 68, 6, 262),
(57, 1, 'Female', 24, 62, 6, 259),
(58, 1, 'Female', 23, 58, 5, 257),
(59, 1, 'Female', 22, 54, 5, 255),
(60, 1, 'Female', 21, 48, 5, 252),
(61, 1, 'Female', 20, 44, 5, 250),
(62, 1, 'Female', 19, 40, 5, 248),
(63, 1, 'Female', 18, 35, 4, 245),
(64, 1, 'Female', 17, 32, 4, 243),
(65, 1, 'Female', 16, 29, 4, 241),
(66, 1, 'Female', 15, 25, 4, 238),
(67, 1, 'Female', 14, 22, 3, 236),
(68, 1, 'Female', 13, 19, 3, 233),
(69, 1, 'Female', 12, 17, 3, 231),
(70, 1, 'Female', 11, 14, 3, 228),
(71, 1, 'Female', 10, 11, 3, 225),
(72, 1, 'Female', 9, 8, 2, 222),
(73, 1, 'Female', 8, 6, 2, 219),
(74, 1, 'Female', 7, 4, 2, 215),
(75, 1, 'Female', 6, 3, 1, 211),
(76, 1, 'Female', 5, 2, 1, 206),
(77, 1, 'Female', 4, 1, 1, 201),
(78, 1, 'Female', 3, 1, 1, 194),
(79, 1, 'Female', 2, 1, 1, 185),
(80, 1, 'Female', 1, 1, 1, 171),
(81, 2, 'Male', 40, 99, 9, 343),
(82, 2, 'Male', 39, 99, 9, 330),
(83, 2, 'Male', 38, 98, 9, 315),
(84, 2, 'Male', 37, 95, 8, 306),
(85, 2, 'Male', 36, 93, 8, 299),
(86, 2, 'Male', 35, 89, 8, 294),
(87, 2, 'Male', 34, 86, 7, 289),
(88, 2, 'Male', 33, 82, 7, 285),
(89, 2, 'Male', 32, 78, 7, 282),
(90, 2, 'Male', 31, 75, 6, 278),
(91, 2, 'Male', 30, 72, 6, 275),
(92, 2, 'Male', 29, 68, 6, 272),
(93, 2, 'Male', 28, 64, 6, 269),
(94, 2, 'Male', 27, 61, 6, 267),
(95, 2, 'Male', 26, 57, 5, 264),
(96, 2, 'Male', 25, 54, 5, 262),
(97, 2, 'Male', 24, 48, 5, 259),
(98, 2, 'Male', 23, 44, 5, 257),
(99, 2, 'Male', 22, 41, 5, 254),
(100, 2, 'Male', 21, 37, 4, 252),
(101, 2, 'Male', 20, 34, 4, 250),
(102, 2, 'Male', 19, 31, 4, 247),
(103, 2, 'Male', 18, 28, 4, 245),
(104, 2, 'Male', 17, 26, 4, 243),
(105, 2, 'Male', 16, 24, 4, 240),
(106, 2, 'Male', 15, 21, 3, 238),
(107, 2, 'Male', 14, 19, 3, 236),
(108, 2, 'Male', 13, 16, 3, 233),
(109, 2, 'Male', 12, 14, 3, 230),
(110, 2, 'Male', 11, 12, 3, 228),
(111, 2, 'Male', 10, 10, 2, 225),
(112, 2, 'Male', 9, 8, 2, 222),
(113, 2, 'Male', 8, 6, 2, 219),
(114, 2, 'Male', 7, 5, 2, 215),
(115, 2, 'Male', 6, 4, 2, 211),
(116, 2, 'Male', 5, 3, 1, 206),
(117, 2, 'Male', 4, 2, 1, 201),
(118, 2, 'Male', 3, 1, 1, 195),
(119, 2, 'Male', 2, 1, 1, 186),
(120, 2, 'Male', 1, 1, 1, 171),
(121, 2, 'Female', 40, 99, 9, 342),
(122, 2, 'Female', 39, 99, 9, 329),
(123, 2, 'Female', 38, 97, 9, 314),
(124, 2, 'Female', 37, 93, 8, 305),
(125, 2, 'Female', 36, 89, 8, 299),
(126, 2, 'Female', 35, 83, 7, 293),
(127, 2, 'Female', 34, 79, 7, 289),
(128, 2, 'Female', 33, 75, 6, 285),
(129, 2, 'Female', 32, 70, 6, 281),
(130, 2, 'Female', 31, 66, 6, 278),
(131, 2, 'Female', 30, 61, 6, 275),
(132, 2, 'Female', 29, 56, 5, 272),
(133, 2, 'Female', 28, 50, 5, 269),
(134, 2, 'Female', 27, 46, 5, 267),
(135, 2, 'Female', 26, 40, 5, 264),
(136, 2, 'Female', 25, 37, 4, 262),
(137, 2, 'Female', 24, 33, 4, 259),
(138, 2, 'Female', 23, 30, 4, 257),
(139, 2, 'Female', 22, 28, 4, 255),
(140, 2, 'Female', 21, 25, 4, 252),
(141, 2, 'Female', 20, 23, 4, 250),
(142, 2, 'Female', 19, 21, 3, 248),
(143, 2, 'Female', 18, 18, 3, 245),
(144, 2, 'Female', 17, 16, 3, 243),
(145, 2, 'Female', 16, 14, 3, 241),
(146, 2, 'Female', 15, 11, 3, 238),
(147, 2, 'Female', 14, 9, 2, 236),
(148, 2, 'Female', 13, 7, 2, 233),
(149, 2, 'Female', 12, 6, 2, 231),
(150, 2, 'Female', 11, 5, 2, 228),
(151, 2, 'Female', 10, 4, 2, 225),
(152, 2, 'Female', 9, 3, 1, 222),
(153, 2, 'Female', 8, 2, 1, 219),
(154, 2, 'Female', 7, 2, 1, 215),
(155, 2, 'Female', 6, 1, 1, 211),
(156, 2, 'Female', 5, 1, 1, 207),
(157, 2, 'Female', 4, 1, 1, 202),
(158, 2, 'Female', 3, 1, 1, 195),
(159, 2, 'Female', 2, 1, 1, 186),
(160, 2, 'Female', 1, 1, 1, 171),
(161, 3, 'Male', 60, 99, 9, 351),
(162, 3, 'Male', 59, 99, 9, 338),
(163, 3, 'Male', 58, 99, 9, 324),
(164, 3, 'Male', 57, 99, 9, 315),
(165, 3, 'Male', 56, 97, 9, 308),
(166, 3, 'Male', 55, 95, 8, 303),
(167, 3, 'Male', 54, 93, 8, 299),
(168, 3, 'Male', 53, 91, 8, 296),
(169, 3, 'Male', 52, 87, 7, 292),
(170, 3, 'Male', 51, 84, 7, 289),
(171, 3, 'Male', 50, 82, 7, 287),
(172, 3, 'Male', 49, 77, 7, 284),
(173, 3, 'Male', 48, 74, 6, 282),
(174, 3, 'Male', 47, 68, 6, 279),
(175, 3, 'Male', 46, 64, 6, 277),
(176, 3, 'Male', 45, 60, 6, 275),
(177, 3, 'Male', 44, 56, 5, 273),
(178, 3, 'Male', 43, 50, 5, 271),
(179, 3, 'Male', 42, 47, 5, 270),
(180, 3, 'Male', 41, 42, 5, 268),
(181, 3, 'Male', 40, 38, 4, 266),
(182, 3, 'Male', 39, 35, 4, 264),
(183, 3, 'Male', 38, 33, 4, 263),
(184, 3, 'Male', 37, 30, 4, 261),
(185, 3, 'Male', 36, 29, 4, 260),
(186, 3, 'Male', 35, 26, 4, 258),
(187, 3, 'Male', 34, 23, 4, 256),
(188, 3, 'Male', 33, 21, 3, 255),
(189, 3, 'Male', 32, 18, 3, 253),
(190, 3, 'Male', 31, 17, 3, 252),
(191, 3, 'Male', 30, 14, 3, 250),
(192, 3, 'Male', 29, 12, 3, 249),
(193, 3, 'Male', 28, 10, 2, 247),
(194, 3, 'Male', 27, 9, 2, 246),
(195, 3, 'Male', 26, 8, 2, 244),
(196, 3, 'Male', 25, 7, 2, 243),
(197, 3, 'Male', 24, 6, 2, 241),
(198, 3, 'Male', 23, 5, 2, 239),
(199, 3, 'Male', 22, 4, 2, 238),
(200, 3, 'Male', 21, 3, 1, 236),
(201, 3, 'Male', 20, 3, 1, 234),
(202, 3, 'Male', 19, 2, 1, 233),
(203, 3, 'Male', 18, 2, 1, 231),
(204, 3, 'Male', 17, 2, 1, 229),
(205, 3, 'Male', 16, 1, 1, 227),
(206, 3, 'Male', 15, 1, 1, 225),
(207, 3, 'Male', 14, 1, 1, 223),
(208, 3, 'Male', 13, 1, 1, 221),
(209, 3, 'Male', 12, 1, 1, 218),
(210, 3, 'Male', 11, 1, 1, 216),
(211, 3, 'Male', 10, 1, 1, 213),
(212, 3, 'Male', 9, 1, 1, 211),
(213, 3, 'Male', 8, 1, 1, 208),
(214, 3, 'Male', 7, 1, 1, 204),
(215, 3, 'Male', 6, 1, 1, 200),
(216, 3, 'Male', 5, 1, 1, 196),
(217, 3, 'Male', 4, 1, 1, 191),
(218, 3, 'Male', 3, 1, 1, 184),
(219, 3, 'Male', 2, 1, 1, 175),
(220, 3, 'Male', 1, 1, 1, 160),
(221, 3, 'Female', 60, 99, 9, 351),
(222, 3, 'Female', 59, 99, 9, 338),
(223, 3, 'Female', 58, 99, 9, 324),
(224, 3, 'Female', 57, 99, 9, 315),
(225, 3, 'Female', 56, 99, 9, 308),
(226, 3, 'Female', 55, 99, 9, 303),
(227, 3, 'Female', 54, 99, 9, 299),
(228, 3, 'Female', 53, 99, 9, 296),
(229, 3, 'Female', 52, 99, 9, 292),
(230, 3, 'Female', 51, 98, 9, 289),
(231, 3, 'Female', 50, 98, 9, 287),
(232, 3, 'Female', 49, 96, 9, 284),
(233, 3, 'Female', 48, 95, 8, 282),
(234, 3, 'Female', 47, 93, 8, 279),
(235, 3, 'Female', 46, 92, 8, 277),
(236, 3, 'Female', 45, 90, 8, 275),
(237, 3, 'Female', 44, 88, 7, 273),
(238, 3, 'Female', 43, 85, 7, 271),
(239, 3, 'Female', 42, 84, 7, 270),
(240, 3, 'Female', 41, 80, 7, 268),
(241, 3, 'Female', 40, 76, 6, 266),
(242, 3, 'Female', 39, 72, 6, 264),
(243, 3, 'Female', 38, 70, 6, 263),
(244, 3, 'Female', 37, 65, 6, 261),
(245, 3, 'Female', 36, 62, 6, 260),
(246, 3, 'Female', 35, 56, 5, 258),
(247, 3, 'Female', 34, 50, 5, 256),
(248, 3, 'Female', 33, 47, 5, 255),
(249, 3, 'Female', 32, 41, 5, 253),
(250, 3, 'Female', 31, 38, 4, 252),
(251, 3, 'Female', 30, 32, 4, 250),
(252, 3, 'Female', 29, 29, 4, 249),
(253, 3, 'Female', 28, 25, 4, 247),
(254, 3, 'Female', 27, 23, 4, 246),
(255, 3, 'Female', 26, 19, 3, 244),
(256, 3, 'Female', 25, 17, 3, 243),
(257, 3, 'Female', 24, 14, 3, 241),
(258, 3, 'Female', 23, 12, 3, 239),
(259, 3, 'Female', 22, 11, 3, 238),
(260, 3, 'Female', 21, 9, 2, 236),
(261, 3, 'Female', 20, 7, 2, 234),
(262, 3, 'Female', 19, 7, 2, 233),
(263, 3, 'Female', 18, 5, 2, 231),
(264, 3, 'Female', 17, 4, 2, 229),
(265, 3, 'Female', 16, 3, 1, 227),
(266, 3, 'Female', 15, 2, 1, 225),
(267, 3, 'Female', 14, 2, 1, 223),
(268, 3, 'Female', 13, 1, 1, 221),
(269, 3, 'Female', 12, 1, 1, 218),
(270, 3, 'Female', 11, 1, 1, 216),
(271, 3, 'Female', 10, 1, 1, 213),
(272, 3, 'Female', 9, 1, 1, 211),
(273, 3, 'Female', 8, 1, 1, 208),
(274, 3, 'Female', 7, 1, 1, 204),
(275, 3, 'Female', 6, 1, 1, 200),
(276, 3, 'Female', 5, 1, 1, 196),
(277, 3, 'Female', 4, 1, 1, 191),
(278, 3, 'Female', 3, 1, 1, 184),
(279, 3, 'Female', 2, 1, 1, 175),
(280, 3, 'Female', 1, 1, 1, 160),
(281, 4, 'Male', 40, 99, 9, 342),
(282, 4, 'Male', 39, 99, 9, 328),
(283, 4, 'Male', 38, 98, 9, 314),
(284, 4, 'Male', 37, 96, 9, 305),
(285, 4, 'Male', 36, 94, 8, 298),
(286, 4, 'Male', 35, 91, 8, 293),
(287, 4, 'Male', 34, 87, 7, 288),
(288, 4, 'Male', 33, 84, 7, 284),
(289, 4, 'Male', 32, 81, 7, 281),
(290, 4, 'Male', 31, 78, 7, 278),
(291, 4, 'Male', 30, 73, 6, 274),
(292, 4, 'Male', 29, 70, 6, 272),
(293, 4, 'Male', 28, 66, 6, 269),
(294, 4, 'Male', 27, 62, 6, 266),
(295, 4, 'Male', 26, 59, 5, 264),
(296, 4, 'Male', 25, 55, 5, 261),
(297, 4, 'Male', 24, 52, 5, 259),
(298, 4, 'Male', 23, 49, 5, 257),
(299, 4, 'Male', 22, 44, 5, 254),
(300, 4, 'Male', 21, 41, 5, 252),
(301, 4, 'Male', 20, 38, 4, 250),
(302, 4, 'Male', 19, 36, 4, 248),
(303, 4, 'Male', 18, 32, 4, 245),
(304, 4, 'Male', 17, 29, 4, 243),
(305, 4, 'Male', 16, 26, 4, 241),
(306, 4, 'Male', 15, 22, 3, 238),
(307, 4, 'Male', 14, 20, 3, 236),
(308, 4, 'Male', 13, 18, 3, 234),
(309, 4, 'Male', 12, 15, 3, 231),
(310, 4, 'Male', 11, 12, 3, 228),
(311, 4, 'Male', 10, 11, 3, 226),
(312, 4, 'Male', 9, 8, 2, 222),
(313, 4, 'Male', 8, 6, 2, 219),
(314, 4, 'Male', 7, 5, 2, 216),
(315, 4, 'Male', 6, 4, 2, 212),
(316, 4, 'Male', 5, 3, 1, 207),
(317, 4, 'Male', 4, 2, 1, 202),
(318, 4, 'Male', 3, 1, 1, 195),
(319, 4, 'Male', 2, 1, 1, 187),
(320, 4, 'Male', 1, 1, 1, 172),
(321, 4, 'Female', 40, 99, 9, 342),
(322, 4, 'Female', 39, 99, 9, 328),
(323, 4, 'Female', 38, 98, 9, 314),
(324, 4, 'Female', 37, 96, 9, 305),
(325, 4, 'Female', 36, 93, 8, 298),
(326, 4, 'Female', 35, 90, 8, 293),
(327, 4, 'Female', 34, 87, 7, 288),
(328, 4, 'Female', 33, 83, 7, 284),
(329, 4, 'Female', 32, 80, 7, 281),
(330, 4, 'Female', 31, 77, 7, 278),
(331, 4, 'Female', 30, 71, 6, 274),
(332, 4, 'Female', 29, 68, 6, 272),
(333, 4, 'Female', 28, 64, 6, 269),
(334, 4, 'Female', 27, 59, 5, 266),
(335, 4, 'Female', 26, 56, 5, 264),
(336, 4, 'Female', 25, 50, 5, 261),
(337, 4, 'Female', 24, 46, 5, 259),
(338, 4, 'Female', 23, 43, 5, 257),
(339, 4, 'Female', 22, 38, 4, 254),
(340, 4, 'Female', 21, 35, 4, 252),
(341, 4, 'Female', 20, 32, 4, 250),
(342, 4, 'Female', 19, 29, 4, 248),
(343, 4, 'Female', 18, 25, 4, 245),
(344, 4, 'Female', 17, 22, 3, 243),
(345, 4, 'Female', 16, 20, 3, 241),
(346, 4, 'Female', 15, 17, 3, 238),
(347, 4, 'Female', 14, 15, 3, 236),
(348, 4, 'Female', 13, 13, 3, 234),
(349, 4, 'Female', 12, 11, 3, 231),
(350, 4, 'Female', 11, 9, 2, 228),
(351, 4, 'Female', 10, 7, 2, 226),
(352, 4, 'Female', 9, 5, 2, 222),
(353, 4, 'Female', 8, 4, 2, 219),
(354, 4, 'Female', 7, 3, 1, 216),
(355, 4, 'Female', 6, 2, 1, 212),
(356, 4, 'Female', 5, 2, 1, 207),
(357, 4, 'Female', 4, 1, 1, 202),
(358, 4, 'Female', 3, 1, 1, 195),
(359, 4, 'Female', 2, 1, 1, 187),
(360, 4, 'Female', 1, 1, 1, 172),
(361, 5, 'Male', 100, 99, 9, 0),
(362, 5, 'Male', 99, 99, 9, 0),
(363, 5, 'Male', 98, 99, 9, 0),
(364, 5, 'Male', 97, 99, 9, 0),
(365, 5, 'Male', 96, 98, 9, 0),
(366, 5, 'Male', 95, 98, 9, 0),
(367, 5, 'Male', 94, 98, 9, 0),
(368, 5, 'Male', 93, 98, 9, 0),
(369, 5, 'Male', 92, 97, 9, 0),
(370, 5, 'Male', 91, 97, 9, 0),
(371, 5, 'Male', 90, 97, 9, 0),
(372, 5, 'Male', 89, 96, 9, 0),
(373, 5, 'Male', 88, 96, 9, 0),
(374, 5, 'Male', 87, 95, 8, 0),
(375, 5, 'Male', 86, 95, 8, 0),
(376, 5, 'Male', 85, 94, 8, 0),
(377, 5, 'Male', 84, 94, 8, 0),
(378, 5, 'Male', 83, 93, 8, 0),
(379, 5, 'Male', 82, 92, 8, 0),
(380, 5, 'Male', 81, 91, 8, 0),
(381, 5, 'Male', 80, 90, 8, 0),
(382, 5, 'Male', 79, 89, 8, 0),
(383, 5, 'Male', 78, 88, 7, 0),
(384, 5, 'Male', 77, 86, 7, 0),
(385, 5, 'Male', 76, 85, 7, 0),
(386, 5, 'Male', 75, 84, 7, 0),
(387, 5, 'Male', 74, 82, 7, 0),
(388, 5, 'Male', 73, 81, 7, 0),
(389, 5, 'Male', 72, 79, 7, 0),
(390, 5, 'Male', 71, 78, 7, 0),
(391, 5, 'Male', 70, 76, 6, 0),
(392, 5, 'Male', 69, 75, 6, 0),
(393, 5, 'Male', 68, 73, 6, 0),
(394, 5, 'Male', 67, 72, 6, 0),
(395, 5, 'Male', 66, 70, 6, 0),
(396, 5, 'Male', 65, 68, 6, 0),
(397, 5, 'Male', 64, 66, 6, 0),
(398, 5, 'Male', 63, 64, 6, 0),
(399, 5, 'Male', 62, 62, 6, 0),
(400, 5, 'Male', 61, 60, 6, 0),
(401, 5, 'Male', 60, 58, 5, 0),
(402, 5, 'Male', 59, 56, 5, 0),
(403, 5, 'Male', 58, 54, 5, 0),
(404, 5, 'Male', 57, 52, 5, 0),
(405, 5, 'Male', 56, 50, 5, 0),
(406, 5, 'Male', 55, 48, 5, 0),
(407, 5, 'Male', 54, 46, 5, 0),
(408, 5, 'Male', 53, 44, 5, 0),
(409, 5, 'Male', 52, 42, 5, 0),
(410, 5, 'Male', 51, 40, 5, 0),
(411, 5, 'Male', 50, 38, 4, 0),
(412, 5, 'Male', 49, 36, 4, 0),
(413, 5, 'Male', 48, 34, 4, 0),
(414, 5, 'Male', 47, 32, 4, 0),
(415, 5, 'Male', 46, 30, 4, 0),
(416, 5, 'Male', 45, 28, 4, 0),
(417, 5, 'Male', 44, 27, 4, 0),
(418, 5, 'Male', 43, 25, 4, 0),
(419, 5, 'Male', 42, 24, 4, 0),
(420, 5, 'Male', 41, 22, 3, 0),
(421, 5, 'Male', 40, 21, 3, 0),
(422, 5, 'Male', 39, 19, 3, 0),
(423, 5, 'Male', 38, 18, 3, 0),
(424, 5, 'Male', 37, 16, 3, 0),
(425, 5, 'Male', 36, 15, 3, 0),
(426, 5, 'Male', 35, 14, 3, 0),
(427, 5, 'Male', 34, 12, 3, 0),
(428, 5, 'Male', 33, 11, 3, 0),
(429, 5, 'Male', 32, 10, 2, 0),
(430, 5, 'Male', 31, 9, 2, 0),
(431, 5, 'Male', 30, 8, 2, 0),
(432, 5, 'Male', 29, 7, 2, 0),
(433, 5, 'Male', 28, 6, 2, 0),
(434, 5, 'Male', 27, 5, 2, 0),
(435, 5, 'Male', 26, 5, 2, 0),
(436, 5, 'Male', 25, 4, 2, 0),
(437, 5, 'Male', 24, 4, 2, 0),
(438, 5, 'Male', 23, 3, 1, 0),
(439, 5, 'Male', 22, 3, 1, 0),
(440, 5, 'Male', 21, 3, 1, 0),
(441, 5, 'Male', 20, 2, 1, 0),
(442, 5, 'Male', 19, 2, 1, 0),
(443, 5, 'Male', 18, 2, 1, 0),
(444, 5, 'Male', 17, 2, 1, 0),
(445, 5, 'Male', 16, 1, 1, 0),
(446, 5, 'Male', 15, 1, 1, 0),
(447, 5, 'Male', 14, 1, 1, 0),
(448, 5, 'Male', 13, 1, 1, 0),
(449, 5, 'Male', 12, 1, 1, 0),
(450, 5, 'Male', 11, 1, 1, 0),
(451, 5, 'Male', 10, 1, 1, 0),
(452, 5, 'Male', 9, 1, 1, 0),
(453, 5, 'Male', 8, 1, 1, 0),
(454, 5, 'Male', 7, 1, 1, 0),
(455, 5, 'Male', 6, 1, 1, 0),
(456, 5, 'Male', 5, 1, 1, 0),
(457, 5, 'Male', 4, 1, 1, 0),
(458, 5, 'Male', 3, 1, 1, 0),
(459, 5, 'Male', 2, 1, 1, 0),
(460, 5, 'Male', 1, 1, 1, 0),
(461, 5, 'Female', 100, 99, 9, 0),
(462, 5, 'Female', 99, 99, 9, 0),
(463, 5, 'Female', 98, 99, 9, 0),
(464, 5, 'Female', 97, 98, 9, 0),
(465, 5, 'Female', 96, 98, 9, 0),
(466, 5, 'Female', 95, 98, 9, 0),
(467, 5, 'Female', 94, 97, 9, 0),
(468, 5, 'Female', 93, 97, 9, 0),
(469, 5, 'Female', 92, 96, 9, 0),
(470, 5, 'Female', 91, 96, 9, 0),
(471, 5, 'Female', 90, 95, 8, 0),
(472, 5, 'Female', 89, 95, 8, 0),
(473, 5, 'Female', 88, 94, 8, 0),
(474, 5, 'Female', 87, 94, 8, 0),
(475, 5, 'Female', 86, 93, 8, 0),
(476, 5, 'Female', 85, 92, 8, 0),
(477, 5, 'Female', 84, 91, 8, 0),
(478, 5, 'Female', 83, 90, 8, 0),
(479, 5, 'Female', 82, 89, 7, 0),
(480, 5, 'Female', 81, 88, 7, 0),
(481, 5, 'Female', 80, 86, 7, 0),
(482, 5, 'Female', 79, 85, 7, 0),
(483, 5, 'Female', 78, 84, 7, 0),
(484, 5, 'Female', 77, 82, 7, 0),
(485, 5, 'Female', 76, 81, 7, 0),
(486, 5, 'Female', 75, 79, 7, 0),
(487, 5, 'Female', 74, 77, 7, 0),
(488, 5, 'Female', 73, 75, 6, 0),
(489, 5, 'Female', 72, 73, 6, 0),
(490, 5, 'Female', 71, 71, 6, 0),
(491, 5, 'Female', 70, 69, 6, 0),
(492, 5, 'Female', 69, 67, 6, 0),
(493, 5, 'Female', 68, 65, 6, 0),
(494, 5, 'Female', 67, 63, 6, 0),
(495, 5, 'Female', 66, 61, 6, 0),
(496, 5, 'Female', 65, 59, 5, 0),
(497, 5, 'Female', 64, 56, 5, 0),
(498, 5, 'Female', 63, 53, 5, 0),
(499, 5, 'Female', 62, 50, 5, 0),
(500, 5, 'Female', 61, 47, 5, 0),
(501, 5, 'Female', 60, 44, 5, 0),
(502, 5, 'Female', 59, 42, 5, 0),
(503, 5, 'Female', 58, 40, 5, 0),
(504, 5, 'Female', 57, 38, 4, 0),
(505, 5, 'Female', 56, 36, 4, 0),
(506, 5, 'Female', 55, 34, 4, 0),
(507, 5, 'Female', 54, 32, 4, 0),
(508, 5, 'Female', 53, 30, 4, 0),
(509, 5, 'Female', 52, 28, 4, 0),
(510, 5, 'Female', 51, 27, 4, 0),
(511, 5, 'Female', 50, 25, 4, 0),
(512, 5, 'Female', 49, 24, 4, 0),
(513, 5, 'Female', 48, 22, 3, 0),
(514, 5, 'Female', 47, 21, 3, 0),
(515, 5, 'Female', 46, 19, 3, 0),
(516, 5, 'Female', 45, 18, 3, 0),
(517, 5, 'Female', 44, 16, 3, 0),
(518, 5, 'Female', 43, 15, 3, 0),
(519, 5, 'Female', 42, 14, 3, 0),
(520, 5, 'Female', 41, 12, 3, 0),
(521, 5, 'Female', 40, 11, 3, 0),
(522, 5, 'Female', 39, 10, 2, 0),
(523, 5, 'Female', 38, 9, 2, 0),
(524, 5, 'Female', 37, 8, 2, 0),
(525, 5, 'Female', 36, 7, 2, 0),
(526, 5, 'Female', 35, 6, 2, 0),
(527, 5, 'Female', 34, 5, 2, 0),
(528, 5, 'Female', 33, 5, 2, 0),
(529, 5, 'Female', 32, 4, 2, 0),
(530, 5, 'Female', 31, 4, 2, 0),
(531, 5, 'Female', 30, 3, 1, 0),
(532, 5, 'Female', 29, 3, 1, 0),
(533, 5, 'Female', 28, 3, 1, 0),
(534, 5, 'Female', 27, 2, 1, 0),
(535, 5, 'Female', 26, 2, 1, 0),
(536, 5, 'Female', 25, 2, 1, 0),
(537, 5, 'Female', 24, 1, 1, 0),
(538, 5, 'Female', 23, 1, 1, 0),
(539, 5, 'Female', 22, 1, 1, 0),
(540, 5, 'Female', 21, 1, 1, 0),
(541, 5, 'Female', 20, 1, 1, 0),
(542, 5, 'Female', 19, 1, 1, 0),
(543, 5, 'Female', 18, 1, 1, 0),
(544, 5, 'Female', 17, 1, 1, 0),
(545, 5, 'Female', 16, 1, 1, 0),
(546, 5, 'Female', 15, 1, 1, 0),
(547, 5, 'Female', 14, 1, 1, 0),
(548, 5, 'Female', 13, 1, 1, 0),
(549, 5, 'Female', 12, 1, 1, 0),
(550, 5, 'Female', 11, 1, 1, 0),
(551, 5, 'Female', 10, 1, 1, 0),
(552, 5, 'Female', 9, 1, 1, 0),
(553, 5, 'Female', 8, 1, 1, 0),
(554, 5, 'Female', 7, 1, 1, 0),
(555, 5, 'Female', 6, 1, 1, 0),
(556, 5, 'Female', 5, 1, 1, 0),
(557, 5, 'Female', 4, 1, 1, 0),
(558, 5, 'Female', 3, 1, 1, 0),
(559, 5, 'Female', 2, 1, 1, 0),
(560, 5, 'Female', 1, 1, 1, 0),
(561, 6, 'Male', 50, 99, 9, 345),
(562, 6, 'Male', 49, 99, 9, 332),
(563, 6, 'Male', 48, 99, 9, 318),
(564, 6, 'Male', 47, 98, 9, 309),
(565, 6, 'Male', 46, 97, 9, 303),
(566, 6, 'Male', 45, 96, 9, 298),
(567, 6, 'Male', 44, 94, 8, 293),
(568, 6, 'Male', 43, 92, 8, 290),
(569, 6, 'Male', 42, 90, 8, 286),
(570, 6, 'Male', 41, 87, 7, 283),
(571, 6, 'Male', 40, 86, 7, 281),
(572, 6, 'Male', 39, 83, 7, 278),
(573, 6, 'Male', 38, 81, 7, 276),
(574, 6, 'Male', 37, 78, 7, 273),
(575, 6, 'Male', 36, 75, 6, 271),
(576, 6, 'Male', 35, 73, 6, 269),
(577, 6, 'Male', 34, 70, 6, 267),
(578, 6, 'Male', 33, 67, 6, 265),
(579, 6, 'Male', 32, 65, 6, 263),
(580, 6, 'Male', 31, 62, 6, 261),
(581, 6, 'Male', 30, 59, 5, 259),
(582, 6, 'Male', 29, 56, 5, 257),
(583, 6, 'Male', 28, 53, 5, 255),
(584, 6, 'Male', 27, 52, 5, 254),
(585, 6, 'Male', 26, 49, 5, 252),
(586, 6, 'Male', 25, 46, 5, 250),
(587, 6, 'Male', 24, 43, 5, 248),
(588, 6, 'Male', 23, 41, 5, 247),
(589, 6, 'Male', 22, 38, 4, 245),
(590, 6, 'Male', 21, 35, 4, 243),
(591, 6, 'Male', 20, 33, 4, 241),
(592, 6, 'Male', 19, 30, 4, 239),
(593, 6, 'Male', 18, 27, 4, 237),
(594, 6, 'Male', 17, 25, 4, 235),
(595, 6, 'Male', 16, 22, 3, 233),
(596, 6, 'Male', 15, 19, 3, 231),
(597, 6, 'Male', 14, 17, 3, 229),
(598, 6, 'Male', 13, 15, 3, 227),
(599, 6, 'Male', 12, 14, 3, 225),
(600, 6, 'Male', 11, 11, 3, 222),
(601, 6, 'Male', 10, 9, 2, 219),
(602, 6, 'Male', 9, 8, 2, 217),
(603, 6, 'Male', 8, 6, 2, 214),
(604, 6, 'Male', 7, 5, 2, 210),
(605, 6, 'Male', 6, 4, 2, 206),
(606, 6, 'Male', 5, 3, 1, 202),
(607, 6, 'Male', 4, 2, 1, 197),
(608, 6, 'Male', 3, 1, 1, 191),
(609, 6, 'Male', 2, 1, 1, 182),
(610, 6, 'Male', 1, 1, 1, 167),
(611, 6, 'Female', 50, 99, 9, 345),
(612, 6, 'Female', 49, 99, 9, 332),
(613, 6, 'Female', 48, 99, 9, 318),
(614, 6, 'Female', 47, 99, 9, 309),
(615, 6, 'Female', 46, 98, 9, 303),
(616, 6, 'Female', 45, 98, 9, 298),
(617, 6, 'Female', 44, 96, 9, 293),
(618, 6, 'Female', 43, 95, 8, 290),
(619, 6, 'Female', 42, 94, 8, 286),
(620, 6, 'Female', 41, 92, 8, 283),
(621, 6, 'Female', 40, 91, 8, 281),
(622, 6, 'Female', 39, 88, 7, 278),
(623, 6, 'Female', 38, 87, 7, 276),
(624, 6, 'Female', 37, 84, 7, 273),
(625, 6, 'Female', 36, 82, 7, 271),
(626, 6, 'Female', 35, 80, 7, 269),
(627, 6, 'Female', 34, 77, 7, 267),
(628, 6, 'Female', 33, 74, 6, 265),
(629, 6, 'Female', 32, 72, 6, 263),
(630, 6, 'Female', 31, 69, 6, 261),
(631, 6, 'Female', 30, 66, 6, 259),
(632, 6, 'Female', 29, 63, 6, 257),
(633, 6, 'Female', 28, 60, 6, 255),
(634, 6, 'Female', 27, 58, 5, 254),
(635, 6, 'Female', 26, 54, 5, 252),
(636, 6, 'Female', 25, 50, 5, 250),
(637, 6, 'Female', 24, 46, 5, 248),
(638, 6, 'Female', 23, 44, 5, 247),
(639, 6, 'Female', 22, 41, 5, 245),
(640, 6, 'Female', 21, 38, 4, 243),
(641, 6, 'Female', 20, 35, 4, 241),
(642, 6, 'Female', 19, 32, 4, 239),
(643, 6, 'Female', 18, 29, 4, 237),
(644, 6, 'Female', 17, 26, 4, 235),
(645, 6, 'Female', 16, 24, 4, 233),
(646, 6, 'Female', 15, 21, 3, 231),
(647, 6, 'Female', 14, 18, 3, 229),
(648, 6, 'Female', 13, 16, 3, 227),
(649, 6, 'Female', 12, 14, 3, 225),
(650, 6, 'Female', 11, 12, 3, 222),
(651, 6, 'Female', 10, 9, 2, 219),
(652, 6, 'Female', 9, 8, 2, 217),
(653, 6, 'Female', 8, 6, 2, 214),
(654, 6, 'Female', 7, 5, 2, 210),
(655, 6, 'Female', 6, 3, 1, 206),
(656, 6, 'Female', 5, 2, 1, 202),
(657, 6, 'Female', 4, 2, 1, 197),
(658, 6, 'Female', 3, 1, 1, 191),
(659, 6, 'Female', 2, 1, 1, 182),
(660, 6, 'Female', 1, 1, 1, 167),
(661, 7, 'Male', 40, 99, 9, 343),
(662, 7, 'Male', 39, 99, 9, 330),
(663, 7, 'Male', 38, 96, 9, 315),
(664, 7, 'Male', 37, 94, 8, 306),
(665, 7, 'Male', 36, 90, 8, 299),
(666, 7, 'Male', 35, 87, 7, 294),
(667, 7, 'Male', 34, 84, 8, 289),
(668, 7, 'Male', 33, 80, 8, 285),
(669, 7, 'Male', 32, 77, 8, 282),
(670, 7, 'Male', 31, 73, 7, 278),
(671, 7, 'Male', 30, 70, 7, 275),
(672, 7, 'Male', 29, 66, 7, 272),
(673, 7, 'Male', 28, 62, 7, 269),
(674, 7, 'Male', 27, 60, 6, 267),
(675, 7, 'Male', 26, 55, 6, 264),
(676, 7, 'Male', 25, 52, 6, 262),
(677, 7, 'Male', 24, 48, 6, 259),
(678, 7, 'Male', 23, 45, 5, 257),
(679, 7, 'Male', 22, 40, 5, 254),
(680, 7, 'Male', 21, 38, 5, 252),
(681, 7, 'Male', 20, 35, 5, 250),
(682, 7, 'Male', 19, 31, 5, 247),
(683, 7, 'Male', 18, 29, 4, 245),
(684, 7, 'Male', 17, 27, 4, 243),
(685, 7, 'Male', 16, 24, 4, 240),
(686, 7, 'Male', 15, 22, 4, 238),
(687, 7, 'Male', 14, 20, 4, 236),
(688, 7, 'Male', 13, 17, 3, 233),
(689, 7, 'Male', 12, 14, 3, 230),
(690, 7, 'Male', 11, 13, 3, 228),
(691, 7, 'Male', 10, 11, 3, 225),
(692, 7, 'Male', 9, 9, 2, 222),
(693, 7, 'Male', 8, 7, 2, 219),
(694, 7, 'Male', 7, 6, 2, 215),
(695, 7, 'Male', 6, 4, 2, 211),
(696, 7, 'Male', 5, 3, 1, 206),
(697, 7, 'Male', 4, 3, 1, 201),
(698, 7, 'Male', 3, 2, 1, 195),
(699, 7, 'Male', 2, 1, 1, 186),
(700, 7, 'Male', 1, 1, 1, 171),
(701, 7, 'Female', 40, 99, 9, 343),
(702, 7, 'Female', 39, 98, 9, 330),
(703, 7, 'Female', 38, 93, 8, 315),
(704, 7, 'Female', 37, 89, 8, 306),
(705, 7, 'Female', 36, 84, 7, 299),
(706, 7, 'Female', 35, 80, 7, 294),
(707, 7, 'Female', 34, 75, 6, 289),
(708, 7, 'Female', 33, 70, 6, 285),
(709, 7, 'Female', 32, 66, 6, 282),
(710, 7, 'Female', 31, 61, 6, 278),
(711, 7, 'Female', 30, 57, 5, 275),
(712, 7, 'Female', 29, 53, 5, 272),
(713, 7, 'Female', 28, 48, 5, 269),
(714, 7, 'Female', 27, 45, 5, 267),
(715, 7, 'Female', 26, 41, 5, 264),
(716, 7, 'Female', 25, 39, 4, 262),
(717, 7, 'Female', 24, 35, 4, 259),
(718, 7, 'Female', 23, 33, 4, 257),
(719, 7, 'Female', 22, 29, 4, 254),
(720, 7, 'Female', 21, 27, 4, 252),
(721, 7, 'Female', 20, 25, 4, 250),
(722, 7, 'Female', 19, 22, 3, 247),
(723, 7, 'Female', 18, 20, 3, 245),
(724, 7, 'Female', 17, 18, 3, 243),
(725, 7, 'Female', 16, 15, 3, 240),
(726, 7, 'Female', 15, 13, 3, 238),
(727, 7, 'Female', 14, 12, 3, 236),
(728, 7, 'Female', 13, 10, 2, 233),
(729, 7, 'Female', 12, 8, 2, 230),
(730, 7, 'Female', 11, 7, 2, 228),
(731, 7, 'Female', 10, 6, 2, 225),
(732, 7, 'Female', 9, 5, 2, 222),
(733, 7, 'Female', 8, 4, 2, 219),
(734, 7, 'Female', 7, 3, 1, 215),
(735, 7, 'Female', 6, 3, 1, 211),
(736, 7, 'Female', 5, 2, 1, 206),
(737, 7, 'Female', 4, 1, 1, 201),
(738, 7, 'Female', 3, 1, 1, 195),
(739, 7, 'Female', 2, 1, 1, 186),
(740, 7, 'Female', 1, 1, 1, 171),
(741, 8, 'Male', 40, 99, 9, 343),
(742, 8, 'Male', 39, 99, 9, 330),
(743, 8, 'Male', 38, 97, 9, 315),
(744, 8, 'Male', 37, 95, 8, 306),
(745, 8, 'Male', 36, 92, 8, 299),
(746, 8, 'Male', 35, 88, 7, 294),
(747, 8, 'Male', 34, 84, 7, 289),
(748, 8, 'Male', 33, 80, 7, 285),
(749, 8, 'Male', 32, 76, 6, 282),
(750, 8, 'Male', 31, 71, 6, 278),
(751, 8, 'Male', 30, 67, 6, 275),
(752, 8, 'Male', 29, 63, 6, 272),
(753, 8, 'Male', 28, 60, 6, 270),
(754, 8, 'Male', 27, 56, 5, 267),
(755, 8, 'Male', 26, 50, 5, 264),
(756, 8, 'Male', 25, 46, 5, 262),
(757, 8, 'Male', 24, 42, 5, 259),
(758, 8, 'Male', 23, 39, 4, 257),
(759, 8, 'Male', 22, 37, 4, 255),
(760, 8, 'Male', 21, 33, 4, 252),
(761, 8, 'Male', 20, 30, 4, 250),
(762, 8, 'Male', 19, 27, 4, 248),
(763, 8, 'Male', 18, 24, 4, 245),
(764, 8, 'Male', 17, 21, 3, 243),
(765, 8, 'Male', 16, 19, 3, 241),
(766, 8, 'Male', 15, 16, 3, 238),
(767, 8, 'Male', 14, 14, 3, 236),
(768, 8, 'Male', 13, 12, 3, 233),
(769, 8, 'Male', 12, 10, 2, 230),
(770, 8, 'Male', 11, 9, 2, 228),
(771, 8, 'Male', 10, 7, 2, 218),
(772, 8, 'Male', 9, 6, 2, 222),
(773, 8, 'Male', 8, 4, 2, 218),
(774, 8, 'Male', 7, 4, 2, 215),
(775, 8, 'Male', 6, 3, 1, 211),
(776, 8, 'Male', 5, 2, 1, 206),
(777, 8, 'Male', 4, 1, 1, 201),
(778, 8, 'Male', 3, 1, 1, 194),
(779, 8, 'Male', 2, 1, 1, 185),
(780, 8, 'Male', 1, 1, 1, 170),
(781, 8, 'Female', 40, 99, 9, 343),
(782, 8, 'Female', 39, 99, 9, 330),
(783, 8, 'Female', 38, 96, 9, 315),
(784, 8, 'Female', 37, 93, 8, 306),
(785, 8, 'Female', 36, 88, 7, 299),
(786, 8, 'Female', 35, 84, 7, 294),
(787, 8, 'Female', 34, 79, 7, 289),
(788, 8, 'Female', 33, 75, 6, 285),
(789, 8, 'Female', 32, 71, 6, 282),
(790, 8, 'Female', 31, 65, 6, 278),
(791, 8, 'Female', 30, 60, 6, 275),
(792, 8, 'Female', 29, 56, 5, 272),
(793, 8, 'Female', 28, 53, 5, 270),
(794, 8, 'Female', 27, 48, 5, 267),
(795, 8, 'Female', 26, 44, 5, 264),
(796, 8, 'Female', 25, 41, 5, 262),
(797, 8, 'Female', 24, 37, 4, 259),
(798, 8, 'Female', 23, 34, 4, 257),
(799, 8, 'Female', 22, 31, 4, 255),
(800, 8, 'Female', 21, 27, 4, 252),
(801, 8, 'Female', 20, 25, 4, 250),
(802, 8, 'Female', 19, 22, 3, 248),
(803, 8, 'Female', 18, 19, 3, 245),
(804, 8, 'Female', 17, 17, 3, 243),
(805, 8, 'Female', 16, 15, 3, 241),
(806, 8, 'Female', 15, 13, 3, 238),
(807, 8, 'Female', 14, 11, 3, 236),
(808, 8, 'Female', 13, 9, 2, 233),
(809, 8, 'Female', 12, 7, 2, 230),
(810, 8, 'Female', 11, 6, 2, 228),
(811, 8, 'Female', 10, 5, 2, 225),
(812, 8, 'Female', 9, 4, 2, 222),
(813, 8, 'Female', 8, 3, 1, 218),
(814, 8, 'Female', 7, 3, 1, 215),
(815, 8, 'Female', 6, 2, 1, 211),
(816, 8, 'Female', 5, 1, 1, 206),
(817, 8, 'Female', 4, 1, 1, 201),
(818, 8, 'Female', 3, 1, 1, 194),
(819, 8, 'Female', 2, 1, 1, 185),
(820, 8, 'Female', 1, 1, 1, 170);

-- --------------------------------------------------------

--
-- Table structure for table `exam`
--

CREATE TABLE IF NOT EXISTS `exam` (
  `examID` int(11) NOT NULL AUTO_INCREMENT,
  `examPeriod` varchar(11) NOT NULL,
  `examItemNo` int(11) NOT NULL,
  `examLUser` varchar(15) NOT NULL,
  `examLDate` timestamp NOT NULL DEFAULT CURRENT_TIMESTAMP ON UPDATE CURRENT_TIMESTAMP,
  PRIMARY KEY (`examID`)
) ENGINE=MyISAM  DEFAULT CHARSET=latin1 AUTO_INCREMENT=38 ;

--
-- Dumping data for table `exam`
--

INSERT INTO `exam` (`examID`, `examPeriod`, `examItemNo`, `examLUser`, `examLDate`) VALUES
(29, '1-2019-2020', 28, 'admin', '2019-02-01 17:07:16'),
(31, '1-2019-2020', 26, 'admin', '2019-02-01 18:19:30'),
(32, '1-2019-2020', 25, 'admin', '2019-02-01 18:24:46'),
(33, '1-2019-2020', 34, 'admin', '2019-02-01 23:17:02'),
(34, '1-2019-2020', 29, 'admin', '2019-02-11 21:27:00'),
(35, '1-2019-2020', 27, 'admin', '2019-02-13 15:16:33'),
(36, '1-2019-2020', 31, 'admin', '2019-02-13 15:16:33'),
(37, '1-2019-2020', 36, 'admin', '2019-02-15 16:30:22');

-- --------------------------------------------------------

--
-- Table structure for table `faculty`
--

CREATE TABLE IF NOT EXISTS `faculty` (
  `fcNo` varchar(5) NOT NULL,
  `fcLName` varchar(50) NOT NULL,
  `fcFName` varchar(50) NOT NULL,
  `fcMName` varchar(50) NOT NULL,
  `fcSex` varchar(6) NOT NULL,
  `fcARank` varchar(20) NOT NULL,
  `fcStatus` varchar(10) NOT NULL,
  `fcCStatus` varchar(10) NOT NULL,
  `fcAddress` varchar(100) NOT NULL,
  `fcContactNo` varchar(11) NOT NULL,
  `fcBDate` date NOT NULL,
  `fcDept` varchar(10) NOT NULL,
  `fcEmpStatus` varchar(10) NOT NULL,
  `fcLUser` varchar(15) NOT NULL,
  `fcLDate` varchar(15) NOT NULL
) ENGINE=MyISAM DEFAULT CHARSET=latin1;

--
-- Dumping data for table `faculty`
--

INSERT INTO `faculty` (`fcNo`, `fcLName`, `fcFName`, `fcMName`, `fcSex`, `fcARank`, `fcStatus`, `fcCStatus`, `fcAddress`, `fcContactNo`, `fcBDate`, `fcDept`, `fcEmpStatus`, `fcLUser`, `fcLDate`) VALUES
('v', 'TEVES', 'PHAMAE', 'V', 'Male', 'Instructor I', 'Part-timer', 'Single', 'Calatagan', '41583671281', '2017-12-31', 'CPIC', 'In-Service', 'rec', '2017-01-19 07:5');

-- --------------------------------------------------------

--
-- Table structure for table `login`
--

CREATE TABLE IF NOT EXISTS `login` (
  `userID` varchar(15) NOT NULL DEFAULT '',
  `Active` enum('Y','N') NOT NULL DEFAULT 'N',
  `Login` datetime NOT NULL DEFAULT '0000-00-00 00:00:00',
  `LogOut` datetime NOT NULL DEFAULT '0000-00-00 00:00:00',
  `Logdate` date NOT NULL
) ENGINE=MyISAM DEFAULT CHARSET=latin1;

--
-- Dumping data for table `login`
--

INSERT INTO `login` (`userID`, `Active`, `Login`, `LogOut`, `Logdate`) VALUES
('admin', 'N', '2019-01-21 16:56:17', '2019-01-21 20:16:30', '2019-01-21'),
('', 'N', '2019-01-21 20:17:41', '2019-02-15 08:31:24', '2019-01-21'),
('admin', 'N', '2019-02-01 17:17:00', '2019-02-01 17:17:07', '2019-02-01'),
('', 'N', '2019-02-01 18:42:46', '2019-02-15 08:31:24', '2019-02-01'),
('', 'N', '2019-02-01 18:39:41', '2019-02-15 08:31:24', '2019-02-01'),
('', 'N', '2019-02-01 18:35:45', '2019-02-15 08:31:24', '2019-02-01'),
('admin', 'N', '2019-02-01 18:34:13', '2019-02-01 18:34:22', '2019-02-01'),
('admin', 'N', '2019-02-01 18:01:14', '2019-02-01 18:33:34', '2019-02-01'),
('admin', 'N', '2019-02-01 17:52:40', '2019-02-01 17:57:25', '2019-02-01'),
('', 'N', '2019-02-01 17:17:16', '2019-02-15 08:31:24', '2019-02-01'),
('admin', 'N', '2019-02-01 17:18:11', '2019-02-01 17:19:17', '2019-02-01'),
('admin', 'N', '2019-02-01 16:23:38', '2019-02-01 16:50:19', '2019-02-01'),
('', 'N', '2019-02-01 16:51:34', '2019-02-15 08:31:24', '2019-02-01'),
('admin', 'N', '2019-02-01 17:15:25', '2019-02-01 17:16:51', '2019-02-01'),
('admin', 'N', '2019-02-01 17:04:34', '2019-02-01 17:10:22', '2019-02-01'),
('admin', 'N', '2019-02-01 16:53:06', '2019-02-01 17:03:58', '2019-02-01'),
('admin', 'N', '2019-01-21 20:33:21', '2019-01-21 20:56:37', '2019-01-21'),
('admin', 'N', '2019-01-21 20:31:52', '2019-01-21 20:32:03', '2019-01-21'),
('admin', 'N', '2019-01-21 20:18:07', '2019-01-21 20:31:10', '2019-01-21'),
('', 'N', '2019-01-21 16:37:19', '2019-02-15 08:31:24', '2019-01-21'),
('', 'N', '2019-01-21 16:36:19', '2019-02-15 08:31:24', '2019-01-21'),
('admin', 'N', '2019-01-21 16:35:17', '2019-01-21 16:36:08', '2019-01-21'),
('', 'N', '2019-01-21 16:34:52', '2019-02-15 08:31:24', '2019-01-21'),
('', 'N', '2019-01-21 13:14:27', '2019-02-15 08:31:24', '2019-01-21'),
('admin', 'N', '2019-01-21 13:45:38', '2019-01-21 16:36:08', '2019-01-21'),
('', 'N', '2019-01-21 13:13:27', '2019-02-15 08:31:24', '2019-01-21'),
('', 'N', '2019-01-21 13:12:53', '2019-02-15 08:31:24', '2019-01-21'),
('', 'N', '2019-01-21 13:12:10', '2019-02-15 08:31:24', '2019-01-21'),
('', 'N', '2019-01-21 12:56:09', '2019-02-15 08:31:24', '2019-01-21'),
('', 'N', '2019-01-21 13:02:53', '2019-02-15 08:31:24', '2019-01-21'),
('admin', 'N', '2019-01-21 12:32:37', '2019-01-21 12:55:09', '2019-01-21'),
('', 'N', '2019-01-21 11:57:12', '2019-02-15 08:31:24', '2019-01-21'),
('', 'N', '2019-01-21 12:01:12', '2019-02-15 08:31:24', '2019-01-21'),
('admin', 'N', '2019-01-21 07:26:08', '2019-01-21 11:57:00', '2019-01-21'),
('admin', 'N', '2019-01-21 07:25:21', '2019-01-21 07:25:45', '2019-01-21'),
('admin', 'N', '2019-01-21 07:23:45', '2019-01-21 07:25:15', '2019-01-21'),
('admin', 'N', '2019-01-21 07:23:12', '2019-01-21 07:25:15', '2019-01-21'),
('admin', 'N', '2019-01-20 01:58:50', '2019-01-21 07:22:09', '2019-01-20'),
('', 'N', '2019-01-21 07:22:30', '2019-02-15 08:31:24', '2019-01-21'),
('admin', 'N', '2019-01-20 01:57:55', '2019-01-21 07:22:09', '2019-01-20'),
('admin', 'N', '2019-01-20 01:52:29', '2019-01-21 07:22:09', '2019-01-20'),
('', 'N', '2019-01-20 01:46:50', '2019-02-15 08:31:24', '2019-01-20'),
('', 'N', '2019-01-20 01:49:15', '2019-02-15 08:31:24', '2019-01-20'),
('', 'N', '2019-01-20 01:42:44', '2019-02-15 08:31:24', '2019-01-20'),
('', 'N', '2019-01-20 00:45:05', '2019-02-15 08:31:24', '2019-01-20'),
('admin', 'N', '2019-01-16 18:45:54', '2019-01-21 07:22:09', '2019-01-16'),
('', 'N', '2019-01-16 18:44:09', '2019-02-15 08:31:24', '2019-01-16'),
('', 'N', '2019-01-16 18:43:24', '2019-02-15 08:31:24', '2019-01-16'),
('admin', 'N', '2019-01-16 18:37:55', '2019-01-16 18:42:29', '2019-01-16'),
('admin', 'N', '2019-01-16 18:37:07', '2019-01-16 18:37:24', '2019-01-16'),
('admin', 'N', '2019-01-16 17:06:01', '2019-01-16 18:37:24', '2019-01-16'),
('', 'N', '2019-01-16 16:52:01', '2019-01-16 18:42:48', '2019-01-16'),
('', 'N', '2019-01-16 17:03:15', '2019-01-16 18:42:48', '2019-01-16'),
('admin', 'N', '2019-01-16 16:44:34', '2019-01-16 16:44:35', '2019-01-16'),
('admin', 'N', '2019-01-16 16:51:07', '2019-01-16 16:51:12', '2019-01-16'),
('', 'N', '2019-01-16 16:44:19', '2019-01-16 18:42:48', '2019-01-16'),
('teststaff', 'N', '2019-01-16 14:35:42', '2019-01-16 14:35:55', '2019-01-16'),
('college', 'N', '2019-01-16 14:38:40', '2019-01-16 14:54:56', '2019-01-16'),
('vpaa', 'N', '2019-01-16 14:35:28', '2019-01-16 14:35:32', '2019-01-16'),
('college', 'N', '2019-01-16 14:35:10', '2019-01-16 14:35:19', '2019-01-16'),
('admin', 'N', '2019-01-16 11:12:30', '2019-01-16 14:35:00', '2019-01-16'),
('college', 'N', '2019-01-16 10:18:04', '2019-01-16 10:24:13', '2019-01-16'),
('vpaa', 'N', '2019-01-16 10:03:23', '2019-01-16 10:03:52', '2019-01-16'),
('admin', 'N', '2019-01-15 16:08:03', '2019-01-15 20:48:37', '2019-01-15'),
('admin', 'N', '2019-01-16 06:40:23', '2019-01-16 09:12:47', '2019-01-16'),
('admin', 'N', '2019-01-16 08:56:42', '2019-01-16 09:12:47', '2019-01-16'),
('teststaff', 'N', '2019-01-16 09:12:56', '2019-01-16 09:49:50', '2019-01-16'),
('teststaff', 'N', '2019-01-16 09:38:58', '2019-01-16 09:49:50', '2019-01-16'),
('college', 'N', '2019-01-16 09:50:00', '2019-01-16 09:54:03', '2019-01-16'),
('vpaa', 'N', '2019-01-16 09:54:13', '2019-01-16 09:54:42', '2019-01-16'),
('college', 'N', '2019-01-16 09:54:51', '2019-01-16 09:58:57', '2019-01-16'),
('college', 'N', '2019-01-16 09:59:04', '2019-01-16 10:03:16', '2019-01-16'),
('admin', 'N', '2019-01-15 10:26:10', '2019-01-15 13:09:38', '2019-01-15'),
('teststaff', 'N', '2019-01-16 10:04:19', '2019-01-16 10:17:57', '2019-01-16'),
('', 'N', '2019-01-14 14:46:54', '2019-01-14 14:54:23', '2019-01-14'),
('', 'N', '2019-01-14 14:54:35', '2019-01-14 14:56:46', '2019-01-14'),
('admin', 'N', '2019-01-14 14:57:04', '2019-01-14 14:57:25', '2019-01-14'),
('', 'N', '2019-01-14 14:57:37', '2019-01-15 07:10:44', '2019-01-14'),
('', 'N', '2019-01-15 07:10:58', '2019-01-16 10:29:17', '2019-01-15'),
('admin', 'N', '2019-01-14 14:40:23', '2019-01-14 14:46:20', '2019-01-14'),
('', 'N', '2019-01-14 14:04:47', '2019-01-14 14:05:14', '2019-01-14'),
('', 'N', '2019-01-14 14:09:54', '2019-01-14 14:40:18', '2019-01-14'),
('admin', 'N', '2019-01-14 14:03:19', '2019-01-14 14:03:21', '2019-01-14'),
('', 'N', '2019-01-14 13:58:59', '2019-01-14 14:01:51', '2019-01-14'),
('admin', 'N', '2019-01-13 09:59:47', '2019-01-14 13:21:20', '2019-01-13'),
('admin', 'N', '2019-01-10 15:57:38', '2019-01-14 13:21:20', '2019-01-10'),
('admin', 'N', '2019-01-07 20:11:09', '2019-01-07 20:13:34', '2019-01-07'),
('admin', 'N', '2019-01-07 19:54:54', '2019-01-07 19:58:30', '2019-01-07'),
('admin', 'N', '2019-01-07 20:03:08', '2019-01-07 20:04:16', '2019-01-07'),
('admin', 'N', '2019-01-07 14:12:54', '2019-01-07 19:58:30', '2019-01-07'),
('admin', 'N', '2019-01-06 23:42:58', '2019-01-07 19:58:30', '2019-01-06'),
('ww', 'N', '2019-01-06 23:42:52', '2019-01-06 23:42:55', '2019-01-06'),
('admin', 'N', '2019-01-06 13:33:02', '2019-01-06 23:42:28', '2019-01-06'),
('admin', 'N', '2019-01-04 12:39:02', '2019-01-06 23:42:28', '2019-01-04'),
('admin', 'N', '2019-01-04 10:44:12', '2019-01-04 12:38:18', '2019-01-04'),
('admin', 'N', '2019-01-04 07:33:29', '2019-01-04 10:43:51', '2019-01-04'),
('admin', 'N', '2019-01-04 07:21:15', '2019-01-04 10:43:51', '2019-01-04'),
('admin', 'N', '2019-01-04 07:22:47', '2019-01-04 10:43:51', '2019-01-04'),
('admin', 'N', '2019-01-04 07:27:13', '2019-01-04 10:43:51', '2019-01-04'),
('admin', 'N', '2019-01-04 07:23:19', '2019-01-04 10:43:51', '2019-01-04'),
('admin', 'N', '2019-01-03 23:40:15', '2019-01-04 10:43:51', '2019-01-03'),
('admin', 'N', '2019-01-03 23:39:49', '2019-01-04 10:43:51', '2019-01-03'),
('admin', 'N', '2019-01-03 23:39:21', '2019-01-04 10:43:51', '2019-01-03'),
('admin', 'N', '2019-01-03 18:01:44', '2019-01-04 10:43:51', '2019-01-03'),
('admin', 'N', '2019-01-03 17:56:36', '2019-01-04 10:43:51', '2019-01-03'),
('admin', 'N', '2019-01-03 17:55:08', '2019-01-04 10:43:51', '2019-01-03'),
('admin', 'N', '2019-01-03 17:47:54', '2019-01-04 10:43:51', '2019-01-03'),
('admin', 'N', '2019-01-03 17:39:31', '2019-01-04 10:43:51', '2019-01-03'),
('admin', 'N', '2019-01-03 17:29:31', '2019-01-04 10:43:51', '2019-01-03'),
('admin', 'N', '2019-01-03 14:04:12', '2019-01-04 10:43:51', '2019-01-03'),
('admin', 'N', '2019-01-03 13:57:48', '2019-01-04 10:43:51', '2019-01-03'),
('admin', 'N', '2019-01-03 13:57:26', '2019-01-04 10:43:51', '2019-01-03'),
('admin', 'N', '2019-01-03 13:27:18', '2019-01-04 10:43:51', '2019-01-03'),
('admin', 'N', '2019-01-03 13:22:44', '2019-01-04 10:43:51', '2019-01-03'),
('admin', 'N', '2019-01-03 13:18:11', '2019-01-04 10:43:51', '2019-01-03'),
('admin', 'N', '2019-01-03 13:16:25', '2019-01-04 10:43:51', '2019-01-03'),
('admin', 'N', '2019-01-03 13:12:17', '2019-01-04 10:43:51', '2019-01-03'),
('admin', 'N', '2019-01-03 13:11:24', '2019-01-04 10:43:51', '2019-01-03'),
('admin', 'N', '2017-02-21 18:17:36', '2019-01-04 10:43:51', '2017-02-21'),
('admin', 'N', '2017-02-21 17:55:45', '2019-01-04 10:43:51', '2017-02-21'),
('00-222', 'N', '2017-02-21 17:19:07', '2017-02-21 17:55:40', '2017-02-21'),
('admin', 'N', '2017-02-21 16:41:22', '2017-02-21 17:19:01', '2017-02-21'),
('admin', 'N', '2017-02-21 11:38:10', '2017-02-21 17:19:01', '2017-02-21'),
('admin', 'N', '2017-02-21 11:36:28', '2017-02-21 11:37:54', '2017-02-21'),
('00-222', 'N', '2017-02-21 06:41:39', '2017-02-21 17:55:40', '2017-02-21'),
('rec', 'N', '2017-02-19 19:38:23', '2017-02-19 20:41:15', '2017-02-19'),
('admin', 'N', '2017-02-19 18:00:24', '2017-02-19 19:38:14', '2017-02-19'),
('00-111', 'N', '2017-02-19 17:30:14', '2017-02-19 18:00:15', '2017-02-19'),
('00-222', 'N', '2017-02-19 17:29:48', '2017-02-19 17:30:02', '2017-02-19'),
('rec', 'N', '2017-02-19 16:20:37', '2017-02-19 17:29:36', '2017-02-19'),
('00-222', 'N', '2017-02-19 15:28:45', '2017-02-19 16:20:28', '2017-02-19'),
('rec', 'N', '2017-02-19 15:20:37', '2017-02-19 15:28:34', '2017-02-19'),
('00-222', 'N', '2017-02-19 15:14:00', '2017-02-19 16:20:28', '2017-02-19'),
('rec', 'N', '2017-02-19 12:08:02', '2017-02-19 15:13:52', '2017-02-19'),
('admin', 'N', '2017-02-19 12:07:45', '2017-02-19 12:07:57', '2017-02-19'),
('00-222', 'N', '2017-02-19 11:54:19', '2017-02-19 12:07:34', '2017-02-19'),
('admin', 'N', '2017-02-19 11:02:19', '2017-02-19 11:54:12', '2017-02-19'),
('rec', 'N', '2017-02-19 09:45:31', '2017-02-19 09:54:47', '2017-02-19'),
('rec', 'N', '2017-02-19 10:33:25', '2017-02-19 11:02:15', '2017-02-19'),
('00-111', 'N', '2017-02-19 09:39:18', '2017-02-19 09:45:12', '2017-02-19'),
('00-111', 'N', '2017-02-19 08:56:22', '2017-02-19 09:33:10', '2017-02-19'),
('00-222', 'N', '2017-02-19 09:38:50', '2017-02-19 09:39:11', '2017-02-19'),
('00-222', 'N', '2017-02-18 23:38:52', '2017-02-19 08:56:15', '2017-02-18'),
('admin', 'N', '2017-02-18 22:09:44', '2017-02-19 11:54:12', '2017-02-18'),
('admin', 'N', '2017-02-18 17:26:00', '2017-02-19 11:54:12', '2017-02-18'),
('admin', 'N', '2017-02-18 16:42:06', '2017-02-19 11:54:12', '2017-02-18'),
('admin', 'N', '2017-02-18 05:24:09', '2017-02-19 11:54:12', '2017-02-18'),
('rec', 'N', '2017-01-28 14:27:43', '2017-02-19 09:54:47', '2017-01-28'),
('admin', 'N', '2017-01-28 13:25:52', '2017-01-28 14:27:38', '2017-01-28'),
('rec', 'N', '2017-01-19 10:24:18', '2017-01-19 14:33:46', '2017-01-19'),
('admin', 'N', '2017-01-19 10:24:06', '2017-01-19 10:24:13', '2017-01-19'),
('rec', 'N', '2017-01-19 07:28:04', '2017-01-19 10:23:59', '2017-01-19'),
('rec', 'N', '2017-01-18 23:08:57', '2017-01-19 10:23:59', '2017-01-18'),
('rec', 'N', '2017-01-18 15:54:23', '2017-01-18 16:01:36', '2017-01-18'),
('admin', 'N', '2017-01-18 15:54:18', '2017-01-18 15:54:20', '2017-01-18'),
('admin', 'N', '2017-01-18 15:54:09', '2017-01-18 15:54:14', '2017-01-18'),
('00-111', 'N', '2017-01-18 14:53:06', '2017-02-19 09:33:10', '2017-01-18'),
('admin', 'N', '2017-01-18 14:52:35', '2017-01-18 14:52:58', '2017-01-18'),
('rec', 'N', '2017-01-18 14:10:03', '2017-01-18 14:52:31', '2017-01-18'),
('rec', 'N', '2017-01-18 14:09:47', '2017-01-18 14:09:59', '2017-01-18'),
('00-111', 'N', '2017-01-18 14:09:37', '2017-01-18 14:09:41', '2017-01-18'),
('rec', 'N', '2017-01-18 14:09:12', '2017-01-18 14:09:25', '2017-01-18'),
('00-222', 'N', '2017-01-18 14:09:02', '2017-01-18 14:09:09', '2017-01-18'),
('rec', 'N', '2017-01-18 14:07:42', '2017-01-18 14:08:56', '2017-01-18'),
('admin', 'N', '2017-01-18 14:07:33', '2017-01-18 14:07:39', '2017-01-18'),
('00-222', 'N', '2017-01-18 14:07:18', '2017-01-18 14:07:26', '2017-01-18'),
('rec', 'N', '2017-01-18 13:09:27', '2017-01-18 14:07:10', '2017-01-18'),
('admin', 'N', '2017-01-18 13:09:18', '2017-01-18 13:09:23', '2017-01-18'),
('admin', 'N', '2017-01-18 12:32:31', '2017-01-18 13:09:12', '2017-01-18'),
('admin', 'N', '2017-01-18 11:46:24', '2017-01-18 12:31:03', '2017-01-18'),
('00-111', 'N', '2017-01-18 12:31:11', '2017-01-18 12:32:27', '2017-01-18'),
('admin', 'N', '2017-01-16 08:56:14', '2017-01-18 11:36:45', '2017-01-16'),
('00-111', 'N', '2017-01-18 11:36:51', '2017-01-18 11:46:20', '2017-01-18'),
('rec', 'N', '2017-01-16 06:53:28', '2017-01-16 08:53:03', '2017-01-16'),
('rec', 'N', '2017-01-16 06:51:46', '2017-01-16 06:52:33', '2017-01-16'),
('admin', 'N', '2017-01-15 22:07:26', '2017-01-16 06:51:34', '2017-01-15'),
('00-111', 'N', '2017-01-15 21:33:51', '2017-01-15 22:07:23', '2017-01-15'),
('admin', 'N', '2017-01-15 20:28:12', '2017-01-15 21:33:46', '2017-01-15'),
('admin', 'N', '2017-01-14 19:08:42', '2017-01-15 21:33:46', '2017-01-14'),
('2015-00002', 'N', '2017-01-14 19:08:04', '2017-01-14 19:08:14', '2017-01-14'),
('admin', 'N', '2017-01-14 18:02:40', '2017-01-14 19:07:52', '2017-01-14'),
('rec', 'N', '2017-01-14 18:02:15', '2017-01-14 18:02:36', '2017-01-14'),
('admin', 'N', '2017-01-14 18:02:02', '2017-01-14 18:02:10', '2017-01-14'),
('admin', 'N', '2017-01-14 17:36:59', '2017-01-14 18:01:57', '2017-01-14'),
('00-111', 'N', '2017-01-14 11:45:10', '2017-01-14 17:36:45', '2017-01-14'),
('reg', 'N', '2017-01-14 11:00:20', '2017-01-14 11:45:02', '2017-01-14'),
('2015-00002', 'N', '2017-01-14 10:59:56', '2017-01-14 11:00:13', '2017-01-14'),
('reg', 'N', '2017-01-14 10:58:07', '2017-01-14 10:59:29', '2017-01-14'),
('00-111', 'N', '2017-01-14 10:53:32', '2017-01-14 10:53:57', '2017-01-14'),
('2015-00002', 'N', '2017-01-14 10:52:15', '2017-01-14 10:53:26', '2017-01-14'),
('reg', 'N', '2017-01-14 10:48:35', '2017-01-14 10:50:21', '2017-01-14'),
('2015-00001', 'N', '2017-01-14 10:50:29', '2017-01-14 10:51:57', '2017-01-14'),
('rec', 'N', '2017-01-14 10:46:53', '2017-01-14 10:48:29', '2017-01-14'),
('00-111', 'N', '2017-01-14 10:40:25', '2017-01-14 10:46:46', '2017-01-14'),
('2015-00001', 'N', '2017-01-14 10:39:28', '2017-01-14 10:40:18', '2017-01-14'),
('reg', 'N', '2017-01-14 10:34:32', '2017-01-14 10:38:56', '2017-01-14'),
('00-111', 'N', '2017-01-14 10:32:18', '2017-01-14 10:34:24', '2017-01-14'),
('reg', 'N', '2017-01-14 10:30:49', '2017-01-14 10:32:10', '2017-01-14'),
('00-111', 'N', '2017-01-14 10:30:14', '2017-01-14 10:30:43', '2017-01-14'),
('reg', 'N', '2017-01-14 10:29:44', '2017-01-14 10:30:02', '2017-01-14'),
('00-111', 'N', '2017-01-14 10:28:02', '2017-01-14 10:29:37', '2017-01-14'),
('2015-00001', 'N', '2017-01-14 10:27:27', '2017-01-14 10:27:44', '2017-01-14'),
('reg', 'N', '2017-01-14 10:22:51', '2017-01-14 10:27:17', '2017-01-14'),
('00-111', 'N', '2017-01-14 10:22:06', '2017-01-14 10:22:18', '2017-01-14'),
('admin', 'N', '2017-01-14 10:19:41', '2017-01-14 10:21:28', '2017-01-14'),
('00-111', 'N', '2017-01-14 10:19:12', '2017-01-14 10:19:32', '2017-01-14'),
('reg', 'N', '2017-01-14 10:04:14', '2017-01-14 10:17:13', '2017-01-14'),
('rec', 'N', '2017-01-14 09:57:20', '2017-01-14 09:57:42', '2017-01-14'),
('reg', 'N', '2017-01-14 09:54:32', '2017-01-14 09:56:55', '2017-01-14'),
('reg', 'N', '2017-01-14 09:54:00', '2017-01-14 09:54:26', '2017-01-14'),
('admin', 'N', '2017-01-14 09:52:01', '2017-01-14 09:53:16', '2017-01-14'),
('admin', 'N', '2017-01-14 09:51:36', '2017-01-14 09:51:40', '2017-01-14'),
('admin', 'N', '2017-01-14 09:51:21', '2017-01-14 09:51:26', '2017-01-14'),
('admin', 'N', '2019-02-01 22:48:40', '2019-02-01 22:49:38', '2019-02-01'),
('admin', 'N', '2019-02-01 23:16:07', '2019-02-01 23:17:48', '2019-02-01'),
('', 'N', '2019-02-01 23:17:59', '2019-02-15 08:31:24', '2019-02-01'),
('admin', 'N', '2019-02-01 23:18:38', '2019-02-01 23:59:35', '2019-02-01'),
('admin', 'N', '2019-02-08 15:14:14', '2019-02-08 15:18:08', '2019-02-08'),
('admin', 'N', '2019-02-08 15:20:35', '2019-02-08 15:22:30', '2019-02-08'),
('', 'N', '2019-02-08 21:10:32', '2019-02-15 08:31:24', '2019-02-08'),
('admin', 'N', '2019-02-08 21:11:42', '2019-02-08 21:12:05', '2019-02-08'),
('admin', 'N', '2019-02-11 20:59:28', '2019-02-11 20:59:34', '2019-02-11'),
('', 'N', '2019-02-11 21:24:04', '2019-02-15 08:31:24', '2019-02-11'),
('admin', 'N', '2019-02-11 21:24:53', '2019-02-11 21:35:16', '2019-02-11'),
('', 'N', '2019-02-12 15:57:59', '2019-02-15 08:31:24', '2019-02-12'),
('admin', 'N', '2019-02-12 16:05:07', '2019-02-13 10:01:26', '2019-02-12'),
('admin', 'N', '2019-02-13 09:54:20', '2019-02-13 10:01:26', '2019-02-13'),
('', 'N', '2019-02-13 10:06:35', '2019-02-15 08:31:24', '2019-02-13'),
('admin', 'N', '2019-02-13 10:33:36', '2019-02-13 10:38:00', '2019-02-13'),
('', 'N', '2019-02-13 10:45:19', '2019-02-15 08:31:24', '2019-02-13'),
('admin', 'N', '2019-02-13 10:50:45', '2019-02-13 10:51:10', '2019-02-13'),
('admin', 'N', '2019-02-13 15:09:26', '2019-02-13 15:19:45', '2019-02-13'),
('admin', 'N', '2019-02-15 16:29:44', '2019-02-15 16:31:06', '2019-02-15'),
('admin', 'N', '2019-02-15 16:39:03', '2019-02-15 16:40:48', '2019-02-15'),
('admin', 'N', '2019-02-15 17:06:53', '2019-02-15 21:17:37', '2019-02-15'),
('admin', 'N', '2019-02-15 21:16:51', '2019-02-15 21:17:37', '2019-02-15');

-- --------------------------------------------------------

--
-- Table structure for table `menu`
--

CREATE TABLE IF NOT EXISTS `menu` (
  `app` varchar(10) NOT NULL,
  `mnCode` char(3) NOT NULL DEFAULT '',
  `mnSub` varchar(35) NOT NULL DEFAULT '',
  `mnFile` varchar(30) NOT NULL DEFAULT '',
  `mnSubSeq` int(11) NOT NULL DEFAULT '0',
  `mnTitle` varchar(30) NOT NULL DEFAULT '',
  `mnMainSeq` int(11) NOT NULL DEFAULT '0',
  `mnAdmin` enum('Y','N') NOT NULL DEFAULT 'N',
  `mnAdminInc` enum('Y','N') NOT NULL DEFAULT 'N',
  `mnTestStaff` enum('Y','N') NOT NULL DEFAULT 'N',
  `mnTestStaffInc` enum('Y','N') NOT NULL DEFAULT 'N',
  `mnCollege` enum('Y','N') NOT NULL DEFAULT 'N',
  `mnCollegeInc` enum('Y','N') NOT NULL DEFAULT 'N',
  `mnVPAA` enum('Y','N') NOT NULL DEFAULT 'N',
  `mnVPAAInc` enum('Y','N') NOT NULL DEFAULT 'N',
  `mnCount` int(11) NOT NULL DEFAULT '0',
  `ID` int(11) NOT NULL AUTO_INCREMENT,
  PRIMARY KEY (`ID`)
) ENGINE=MyISAM  DEFAULT CHARSET=latin1 AUTO_INCREMENT=184 ;

--
-- Dumping data for table `menu`
--

INSERT INTO `menu` (`app`, `mnCode`, `mnSub`, `mnFile`, `mnSubSeq`, `mnTitle`, `mnMainSeq`, `mnAdmin`, `mnAdminInc`, `mnTestStaff`, `mnTestStaffInc`, `mnCollege`, `mnCollegeInc`, `mnVPAA`, `mnVPAAInc`, `mnCount`, `ID`) VALUES
('EEMS', 'app', 'Applicant Profile', 'appProfileList.php', 2, 'Applicant', 1, 'Y', 'Y', 'Y', 'Y', 'N', 'N', 'Y', 'Y', 0, 174),
('EEMS', 'app', 'Search Applicant', 'appSearch.php', 1, 'Applicant', 1, 'Y', 'Y', 'Y', 'Y', 'Y', 'Y', 'Y', 'Y', 1, 17),
('EEMS', 'sys', 'System Users ', 'sysUser.php', 2, 'System Tools', 4, 'N', 'N', 'N', 'N', 'N', 'N', 'N', 'N', 1, 18),
('EEMS', 'sys', 'Database Backup', 'sysBackup.php', 5, 'System Tools', 4, 'N', 'N', 'N', 'N', 'N', 'N', 'N', 'N', 1, 20),
('EEMS', 'exm', 'Enable Exam Schedule', 'exmEnabled.php', 3, 'Exam', 2, 'N', 'N', 'N', 'N', 'N', 'N', 'N', 'N', 0, 117),
('EEMS', 'exm', 'Exam Schedule', 'exmSched.php', 4, 'Exam', 2, 'Y', 'Y', 'N', 'N', 'N', 'N', 'N', 'N', 0, 125),
('EEMS', 'exm', 'Load Question', 'exmQuestion.php', 1, 'Exam', 2, 'Y', 'Y', 'Y', 'Y', 'N', 'N', 'N', 'N', 0, 118),
('EEMS', 'rep', 'Applicant by Period', 'repAppSem.php', 1, 'Reports', 3, 'Y', 'Y', 'Y', 'Y', 'N', 'N', 'Y', 'Y', 0, 129),
('EEMS', 'sys', 'User''s Log', 'sysUserLog.php', 3, 'System Tools', 4, 'N', 'N', 'N', 'N', 'N', 'N', 'N', 'N', 0, 179),
('EEMS', 'rep', 'Reports', 'report.php', 0, 'Reports', 0, 'N', 'N', 'N', 'N', 'N', 'N', 'N', 'N', 0, 153),
('EEMS', 'sys', 'Change Password', 'sysChangeP.php', 1, 'System Tools', 4, 'N', 'N', 'N', 'N', 'N', 'N', 'N', 'N', 0, 155),
('EEMS', 'app', 'Applicant', 'applicant.php', 0, 'Applicant', 0, 'N', 'N', 'N', 'N', 'N', 'N', 'N', 'N', 0, 148),
('EEMS', 'exm', 'Create Exam', 'exmCreate.php', 2, 'Exam', 2, 'Y', 'Y', 'Y', 'Y', 'N', 'N', 'N', 'N', 0, 167),
('EEMS', 'rep', 'Applicant by Exam Schedule', 'repAppSched.php', 2, 'Reports', 3, 'N', 'N', 'N', 'N', 'N', 'N', 'Y', 'Y', 0, 175),
('EEMS', 'rep', 'Result by Period', 'repResultSem.php', 3, 'Reports', 3, 'Y', 'Y', 'Y', 'Y', 'Y', 'Y', 'Y', 'Y', 0, 176),
('EEMS', 'rep', 'Result by Schedule', 'repResultSched.php', 4, 'Reports', 3, 'N', 'N', 'N', 'N', 'N', 'N', 'Y', 'Y', 0, 177),
('EEMS', 'sys', 'System Control', 'sysControl.php', 4, 'System Tools', 4, 'N', 'N', 'N', 'N', 'N', 'N', 'N', 'N', 0, 178),
('EEMS', 'exm', 'Exam', 'exam.php', 0, 'Exam', 0, 'N', 'N', 'N', 'N', 'N', 'N', 'N', 'N', 0, 180),
('EEMS', 'sys', 'Tools', 'system.php', 0, 'System Tools', 0, 'N', 'N', 'N', 'N', 'N', 'N', 'N', 'N', 0, 181),
('EEMS', 'exm', 'Room FM', 'exmRoom.php', 5, 'Exam', 2, 'N', 'N', 'N', 'N', 'N', 'N', 'N', 'N', 0, 182),
('EEMS', 'exm', 'Program FM', 'exmProgram.php', 6, 'Exam', 2, 'N', 'N', 'N', 'N', 'N', 'N', 'N', 'N', 0, 183);

-- --------------------------------------------------------

--
-- Table structure for table `program`
--

CREATE TABLE IF NOT EXISTS `program` (
  `prCode` varchar(15) NOT NULL,
  `prDesc` varchar(50) NOT NULL,
  `prLUser` varchar(15) NOT NULL,
  `prLDate` timestamp NOT NULL DEFAULT CURRENT_TIMESTAMP ON UPDATE CURRENT_TIMESTAMP
) ENGINE=MyISAM DEFAULT CHARSET=latin1;

--
-- Dumping data for table `program`
--

INSERT INTO `program` (`prCode`, `prDesc`, `prLUser`, `prLDate`) VALUES
('BSCE', 'BS Civil Engineering', 'admin', '0000-00-00 00:00:00'),
('BSCS', 'BS Computer Science', 'ADMIN', '0000-00-00 00:00:00');

-- --------------------------------------------------------

--
-- Table structure for table `questions`
--

CREATE TABLE IF NOT EXISTS `questions` (
  `qzItemNo` int(11) NOT NULL AUTO_INCREMENT,
  `qzTopic` varchar(30) NOT NULL,
  `qzQuestion` varchar(150) NOT NULL,
  `qzImage` varchar(100) NOT NULL,
  `qzOptA` varchar(100) NOT NULL,
  `qzOptB` varchar(100) NOT NULL,
  `qzOptC` varchar(100) NOT NULL,
  `qzOptD` varchar(100) NOT NULL,
  `qzOptE` varchar(100) NOT NULL,
  `qzImgA` varchar(100) NOT NULL,
  `qzImgB` varchar(100) NOT NULL,
  `qzImgC` varchar(100) NOT NULL,
  `qzImgD` varchar(100) NOT NULL,
  `qzImgE` varchar(100) NOT NULL,
  `qzAnswer` varchar(1) NOT NULL,
  `qzUserID` varchar(15) NOT NULL,
  `qzLDate` timestamp NOT NULL DEFAULT CURRENT_TIMESTAMP ON UPDATE CURRENT_TIMESTAMP,
  PRIMARY KEY (`qzItemNo`)
) ENGINE=MyISAM  DEFAULT CHARSET=latin1 AUTO_INCREMENT=37 ;

--
-- Dumping data for table `questions`
--

INSERT INTO `questions` (`qzItemNo`, `qzTopic`, `qzQuestion`, `qzImage`, `qzOptA`, `qzOptB`, `qzOptC`, `qzOptD`, `qzOptE`, `qzImgA`, `qzImgB`, `qzImgC`, `qzImgD`, `qzImgE`, `qzAnswer`, `qzUserID`, `qzLDate`) VALUES
(25, '1', 'ww', '', 'www', 'ww', 'w', 'w', 'www', '', '', '', '', '', 'A', '', '2019-01-21 12:46:31'),
(26, '8', 'e', '', 'e', 'e', 'e', 'e', 'e', '', '', '', '', '', 'A', '', '2019-01-21 13:48:17'),
(27, '8', 'f', '', 'f', 'f', 'f', 'f', 'f', '', '', '', '', '', 'A', '', '2019-01-21 13:48:23'),
(28, '8', 'h', '', 'h', 'h', 'h', 'h', 'h', '', '', '', '', '', 'A', '', '2019-01-21 13:49:23'),
(29, '1', 'n', '', 'n', 'n', 'n', 'n', 'n', '', '', '', '', '', 'A', '', '2019-01-21 13:50:30'),
(30, '2', 'g', '', 'g', 'g', 'g', 'g', 'g', '', '', '', '', '', 'A', '', '2019-01-21 13:50:43'),
(31, '8', 'w', '', 'w', 'w', 'w', 'w', 'w', '', '', '', '', '', 'B', '', '2019-02-01 16:53:23'),
(32, '8', 'D', '', 'D', 'D', 'D', 'D', 'D', '', '', '', '', '', 'A', '', '2019-02-01 18:07:10'),
(33, '8', 'S', '', 'S', 'S', 'S', 'S', 'S', '', '', '', '', '', 'A', '', '2019-02-01 18:24:28'),
(34, '8', 'n', '', 'n', 'n', 'n', 'n', 'n', '', '', '', '', '', 'A', '', '2019-02-01 23:16:32'),
(35, '8', 'bnvbn', '', 'f', 'h', 'b', 'g', 'g', '', '', '', '', '', 'A', '', '2019-02-13 15:13:15'),
(36, '8', 'q', '', 'q', 'q', 'q', 'q', 'q', '', '', '', '', '', 'A', '', '2019-02-15 16:30:01');

-- --------------------------------------------------------

--
-- Table structure for table `rooms`
--

CREATE TABLE IF NOT EXISTS `rooms` (
  `rmCode` varchar(16) NOT NULL DEFAULT '',
  `rmBldg` varchar(10) NOT NULL DEFAULT '',
  `rmNo` varchar(5) NOT NULL DEFAULT '',
  `rmLUser` varchar(15) NOT NULL DEFAULT '',
  `rmLDate` timestamp NOT NULL DEFAULT CURRENT_TIMESTAMP,
  PRIMARY KEY (`rmCode`)
) ENGINE=MyISAM DEFAULT CHARSET=latin1;

--
-- Dumping data for table `rooms`
--

INSERT INTO `rooms` (`rmCode`, `rmBldg`, `rmNo`, `rmLUser`, `rmLDate`) VALUES
('FFGG', 'FF', 'GG', 'admin', '2019-01-16 13:44:22'),
('EEww', 'EE', 'ww', 'admin', '2019-01-16 13:43:16'),
('MBL1', 'MB', 'L1', 'admin', '2017-01-14 10:20:20'),
('MB101', 'MB', '101', 'admin', '2017-01-14 10:20:00');

-- --------------------------------------------------------

--
-- Table structure for table `sched`
--

CREATE TABLE IF NOT EXISTS `sched` (
  `scID` int(11) NOT NULL AUTO_INCREMENT,
  `scPeriod` varchar(11) NOT NULL DEFAULT '',
  `scDate` date NOT NULL,
  `scTime` varchar(15) NOT NULL DEFAULT '',
  `scRoom` varchar(15) NOT NULL DEFAULT '',
  `scLUser` varchar(15) NOT NULL DEFAULT '',
  `scLDate` datetime NOT NULL DEFAULT '0000-00-00 00:00:00',
  `scProgram1` varchar(50) NOT NULL DEFAULT '0',
  `scProgram2` varchar(50) NOT NULL DEFAULT '0',
  `scProgram3` varchar(50) NOT NULL DEFAULT '0',
  `scProgram4` varchar(50) NOT NULL,
  `scProgram5` varchar(50) NOT NULL,
  `scStatus` enum('Enabled','Disabled') NOT NULL DEFAULT 'Disabled',
  `scMax` int(11) NOT NULL,
  `scCtr` int(11) NOT NULL DEFAULT '0',
  `scBal` int(11) NOT NULL,
  PRIMARY KEY (`scID`),
  KEY `clClassCode` (`scID`)
) ENGINE=MyISAM  DEFAULT CHARSET=latin1 AUTO_INCREMENT=190 ;

--
-- Dumping data for table `sched`
--

INSERT INTO `sched` (`scID`, `scPeriod`, `scDate`, `scTime`, `scRoom`, `scLUser`, `scLDate`, `scProgram1`, `scProgram2`, `scProgram3`, `scProgram4`, `scProgram5`, `scStatus`, `scMax`, `scCtr`, `scBal`) VALUES
(181, '1-2019-2020', '2019-01-01', '07:00-07:00', 'MB101', 'admin', '0000-00-00 00:00:00', 'ALL', 'ALL', 'ALL', 'ALL', 'ALL', 'Enabled', 50, 2, 48),
(182, '2-2019-2020', '2019-01-02', '07:00-07:00', 'MB101', 'admin', '2019-01-07 13:20:14', 'ALL', 'ALL', 'ALL', 'ALL', 'ALL', 'Disabled', 50, 0, 50),
(183, '1-2019-2020', '0000-00-00', '07:00-07:00', 'MB101', 'admin', '0000-00-00 00:00:00', 'BSCE', '', '', '', '', 'Disabled', 50, 5, 45),
(184, '1-2019-2020', '2019-01-10', '08:00-09:00', 'MB101', 'admin', '0000-00-00 00:00:00', '', '', '', '', '', 'Enabled', 50, 50, 0),
(185, '1-2019-2020', '2019-01-11', '07:00-15:30', 'MB101', 'admin', '2019-01-07 16:22:02', 'BSCE', 'BSCS', '', '', '', 'Enabled', 50, 11, 39),
(186, '2-2019-2020', '2019-01-08', '07:00-12:00', 'MBL1', 'admin', '2019-01-07 19:56:30', 'BSCE', '', '', '', '', 'Enabled', 50, 0, 50),
(187, '1-2019-2020', '2019-02-06', '07:00-09:30', 'FFGG', 'admin', '2019-02-01 17:09:40', 'BSCE', '', 'ALL', 'ALL', 'ALL', 'Enabled', 50, 8, 42),
(188, '1-2019-2020', '0000-00-00', '07:00-07:00', 'EEww', 'admin', '2019-02-01 18:25:07', 'ALL', '', 'ALL', 'ALL', 'ALL', 'Enabled', 50, 13, 37),
(189, '1-2019-2020', '2017-12-31', '10:00-09:00', 'EEww', 'admin', '2019-02-01 23:17:33', 'ALL', '', 'ALL', 'ALL', 'ALL', 'Enabled', 50, 2, 48);

-- --------------------------------------------------------

--
-- Table structure for table `topics`
--

CREATE TABLE IF NOT EXISTS `topics` (
  `tpID` int(11) NOT NULL AUTO_INCREMENT,
  `tpTopic` varchar(50) NOT NULL,
  `tpLUser` varchar(15) NOT NULL,
  `tpLDate` timestamp NOT NULL DEFAULT CURRENT_TIMESTAMP ON UPDATE CURRENT_TIMESTAMP,
  PRIMARY KEY (`tpID`)
) ENGINE=MyISAM  DEFAULT CHARSET=latin1 AUTO_INCREMENT=9 ;

--
-- Dumping data for table `topics`
--

INSERT INTO `topics` (`tpID`, `tpTopic`, `tpLUser`, `tpLDate`) VALUES
(1, 'Abstract Reasoning', ' ', '2019-01-21 12:35:07'),
(2, 'Language Usage', ' ', '2019-01-21 12:35:23'),
(3, 'Mechanical Reasoning', ' ', '2019-01-21 12:35:36'),
(4, 'Numerical Reasoning', ' ', '2019-01-21 12:35:52'),
(5, 'Perpetual Speed and Accuracy', ' ', '2019-01-21 12:36:00'),
(6, 'Space Relations', ' ', '2019-01-21 12:36:12'),
(7, 'Spelling', ' ', '2019-01-21 12:36:16'),
(8, 'Verbal Reasoning', ' ', '2019-01-21 12:36:30');

-- --------------------------------------------------------

--
-- Table structure for table `users`
--

CREATE TABLE IF NOT EXISTS `users` (
  `suID` varchar(15) NOT NULL DEFAULT '',
  `suPassword` varchar(20) NOT NULL DEFAULT '827ccb0eea8a706c4c34',
  `suTempPass` varchar(20) NOT NULL,
  `suFullName` varchar(80) NOT NULL DEFAULT '',
  `suARights` char(2) NOT NULL DEFAULT '10',
  `suUType` varchar(20) NOT NULL DEFAULT 'Student',
  `suLUser` varchar(15) NOT NULL DEFAULT '',
  `suLDate` datetime NOT NULL DEFAULT '0000-00-00 00:00:00',
  `suDeptCode` varchar(12) NOT NULL DEFAULT 'CoEd',
  `suStatus` enum('Enabled','Disabled') NOT NULL DEFAULT 'Enabled',
  `suDesig` varchar(25) NOT NULL,
  PRIMARY KEY (`suID`),
  UNIQUE KEY `suID_3` (`suID`),
  KEY `suID_2` (`suID`),
  KEY `suID` (`suID`)
) ENGINE=MyISAM DEFAULT CHARSET=latin1;

--
-- Dumping data for table `users`
--

INSERT INTO `users` (`suID`, `suPassword`, `suTempPass`, `suFullName`, `suARights`, `suUType`, `suLUser`, `suLDate`, `suDeptCode`, `suStatus`, `suDesig`) VALUES
('admin', 'c4ca4238a0b923820dcc', '7ofipgex', 'DELLUZA, EMMIE', '90', 'Admin', 'admin', '2019-01-06 23:49:14', 'CAS', 'Enabled', ''),
('teststaff', '827ccb0eea8a706c4c34', '', 'teststaff, teststaff teststaff', '80', 'TestStaff', 'admin', '2019-01-16 09:12:06', 'GTO', 'Enabled', ''),
('00-222', 'c4ca4238a0b923820dcc', '', 'MM, MM M', '70', 'Faculty', 'rec', '2017-01-18 14:07:05', 'CPIC', 'Enabled', ''),
('vpaa', '827ccb0eea8a706c4c34', '', 'vpaa, vpaa vpaa', '60', 'VPAA', 'admin', '2019-01-16 09:12:45', 'VPAA', 'Enabled', ''),
('college', '827ccb0eea8a706c4c34', '', 'college, college college', '70', 'College', 'admin', '2019-01-16 09:12:30', 'CIT', 'Enabled', ''),
('2015-00005', '08ed3bf37ed1d6a557b9', '7ofipgex', 'B, B B', '10', 'Student', 'admin', '2017-01-15 21:22:23', 'CPIC', 'Enabled', ''),
('2015-00002', 'c4ca4238a0b923820dcc', '', 'DIWATA, WWWW WWW', '10', 'Student', 'reg', '2017-01-14 10:32:07', 'CPIC', 'Enabled', ''),
('rec', 'c4ca4238a0b923820dcc', '', 'DIWATA, RAZEL T.', '80', 'RecAdmin', 'reg', '2017-01-14 09:55:54', 'CPIC', 'Enabled', ''),
('00-111', 'c4ca4238a0b923820dcc', '', 'VARGAS, HAZEL  ', '70', 'Faculty', 'reg', '2017-01-14 10:16:40', 'CPIC', 'Enabled', ''),
('2015-00001', 'c4ca4238a0b923820dcc', '', 'ARCILLA, JOAN  W', '10', 'Student', 'reg', '2017-01-14 10:26:22', 'CPIC', 'Enabled', ''),
('2015-00003', '53e7c4757595c0a4fff0', '5enebfri', 'WW, W W', '10', 'Student', 'reg', '2017-01-14 11:44:18', 'CPIC', 'Enabled', ''),
('ww', '827ccb0eea8a706c4c34', '', 'w, w w', '90', 'Admin', 'admin', '2019-01-06 23:42:23', 'CIT', 'Enabled', '');
