-- phpMyAdmin SQL Dump
-- version 4.5.1
-- http://www.phpmyadmin.net
--
-- Host: 127.0.0.1
-- Generation Time: Apr 09, 2019 at 03:49 PM
-- Server version: 10.1.8-MariaDB
-- PHP Version: 5.6.14

SET SQL_MODE = "NO_AUTO_VALUE_ON_ZERO";
SET time_zone = "+00:00";


/*!40101 SET @OLD_CHARACTER_SET_CLIENT=@@CHARACTER_SET_CLIENT */;
/*!40101 SET @OLD_CHARACTER_SET_RESULTS=@@CHARACTER_SET_RESULTS */;
/*!40101 SET @OLD_COLLATION_CONNECTION=@@COLLATION_CONNECTION */;
/*!40101 SET NAMES utf8mb4 */;

--
-- Database: `jspims`
--

-- --------------------------------------------------------

--
-- Table structure for table `login`
--

CREATE TABLE `login` (
  `userID` varchar(15) NOT NULL DEFAULT '',
  `Active` enum('Y','N') NOT NULL DEFAULT 'N',
  `Login` datetime NOT NULL DEFAULT '0000-00-00 00:00:00',
  `LogOut` datetime NOT NULL DEFAULT '0000-00-00 00:00:00',
  `Logdate` date NOT NULL
) ENGINE=MyISAM DEFAULT CHARSET=latin1;

--
-- Dumping data for table `login`
--

INSERT INTO `login` (`userID`, `Active`, `Login`, `LogOut`, `Logdate`) VALUES
('admin', 'N', '2019-01-21 16:56:17', '2019-01-21 20:16:30', '2019-01-21'),
('', 'N', '2019-01-21 20:17:41', '2019-02-15 08:31:24', '2019-01-21'),
('admin', 'N', '2019-02-01 17:17:00', '2019-02-01 17:17:07', '2019-02-01'),
('', 'N', '2019-02-01 18:42:46', '2019-02-15 08:31:24', '2019-02-01'),
('', 'N', '2019-02-01 18:39:41', '2019-02-15 08:31:24', '2019-02-01'),
('', 'N', '2019-02-01 18:35:45', '2019-02-15 08:31:24', '2019-02-01'),
('admin', 'N', '2019-02-01 18:34:13', '2019-02-01 18:34:22', '2019-02-01'),
('admin', 'N', '2019-02-01 18:01:14', '2019-02-01 18:33:34', '2019-02-01'),
('admin', 'N', '2019-02-01 17:52:40', '2019-02-01 17:57:25', '2019-02-01'),
('', 'N', '2019-02-01 17:17:16', '2019-02-15 08:31:24', '2019-02-01'),
('admin', 'N', '2019-02-01 17:18:11', '2019-02-01 17:19:17', '2019-02-01'),
('admin', 'N', '2019-02-01 16:23:38', '2019-02-01 16:50:19', '2019-02-01'),
('', 'N', '2019-02-01 16:51:34', '2019-02-15 08:31:24', '2019-02-01'),
('admin', 'N', '2019-02-01 17:15:25', '2019-02-01 17:16:51', '2019-02-01'),
('admin', 'N', '2019-02-01 17:04:34', '2019-02-01 17:10:22', '2019-02-01'),
('admin', 'N', '2019-02-01 16:53:06', '2019-02-01 17:03:58', '2019-02-01'),
('admin', 'N', '2019-01-21 20:33:21', '2019-01-21 20:56:37', '2019-01-21'),
('admin', 'N', '2019-01-21 20:31:52', '2019-01-21 20:32:03', '2019-01-21'),
('admin', 'N', '2019-01-21 20:18:07', '2019-01-21 20:31:10', '2019-01-21'),
('', 'N', '2019-01-21 16:37:19', '2019-02-15 08:31:24', '2019-01-21'),
('', 'N', '2019-01-21 16:36:19', '2019-02-15 08:31:24', '2019-01-21'),
('admin', 'N', '2019-01-21 16:35:17', '2019-01-21 16:36:08', '2019-01-21'),
('', 'N', '2019-01-21 16:34:52', '2019-02-15 08:31:24', '2019-01-21'),
('', 'N', '2019-01-21 13:14:27', '2019-02-15 08:31:24', '2019-01-21'),
('admin', 'N', '2019-01-21 13:45:38', '2019-01-21 16:36:08', '2019-01-21'),
('', 'N', '2019-01-21 13:13:27', '2019-02-15 08:31:24', '2019-01-21'),
('', 'N', '2019-01-21 13:12:53', '2019-02-15 08:31:24', '2019-01-21'),
('', 'N', '2019-01-21 13:12:10', '2019-02-15 08:31:24', '2019-01-21'),
('', 'N', '2019-01-21 12:56:09', '2019-02-15 08:31:24', '2019-01-21'),
('', 'N', '2019-01-21 13:02:53', '2019-02-15 08:31:24', '2019-01-21'),
('admin', 'N', '2019-01-21 12:32:37', '2019-01-21 12:55:09', '2019-01-21'),
('', 'N', '2019-01-21 11:57:12', '2019-02-15 08:31:24', '2019-01-21'),
('', 'N', '2019-01-21 12:01:12', '2019-02-15 08:31:24', '2019-01-21'),
('admin', 'N', '2019-01-21 07:26:08', '2019-01-21 11:57:00', '2019-01-21'),
('admin', 'N', '2019-01-21 07:25:21', '2019-01-21 07:25:45', '2019-01-21'),
('admin', 'N', '2019-01-21 07:23:45', '2019-01-21 07:25:15', '2019-01-21'),
('admin', 'N', '2019-01-21 07:23:12', '2019-01-21 07:25:15', '2019-01-21'),
('admin', 'N', '2019-01-20 01:58:50', '2019-01-21 07:22:09', '2019-01-20'),
('', 'N', '2019-01-21 07:22:30', '2019-02-15 08:31:24', '2019-01-21'),
('admin', 'N', '2019-01-20 01:57:55', '2019-01-21 07:22:09', '2019-01-20'),
('admin', 'N', '2019-01-20 01:52:29', '2019-01-21 07:22:09', '2019-01-20'),
('', 'N', '2019-01-20 01:46:50', '2019-02-15 08:31:24', '2019-01-20'),
('', 'N', '2019-01-20 01:49:15', '2019-02-15 08:31:24', '2019-01-20'),
('', 'N', '2019-01-20 01:42:44', '2019-02-15 08:31:24', '2019-01-20'),
('', 'N', '2019-01-20 00:45:05', '2019-02-15 08:31:24', '2019-01-20'),
('admin', 'N', '2019-01-16 18:45:54', '2019-01-21 07:22:09', '2019-01-16'),
('', 'N', '2019-01-16 18:44:09', '2019-02-15 08:31:24', '2019-01-16'),
('', 'N', '2019-01-16 18:43:24', '2019-02-15 08:31:24', '2019-01-16'),
('admin', 'N', '2019-01-16 18:37:55', '2019-01-16 18:42:29', '2019-01-16'),
('admin', 'N', '2019-01-16 18:37:07', '2019-01-16 18:37:24', '2019-01-16'),
('admin', 'N', '2019-01-16 17:06:01', '2019-01-16 18:37:24', '2019-01-16'),
('', 'N', '2019-01-16 16:52:01', '2019-01-16 18:42:48', '2019-01-16'),
('', 'N', '2019-01-16 17:03:15', '2019-01-16 18:42:48', '2019-01-16'),
('admin', 'N', '2019-01-16 16:44:34', '2019-01-16 16:44:35', '2019-01-16'),
('admin', 'N', '2019-01-16 16:51:07', '2019-01-16 16:51:12', '2019-01-16'),
('', 'N', '2019-01-16 16:44:19', '2019-01-16 18:42:48', '2019-01-16'),
('teststaff', 'N', '2019-01-16 14:35:42', '2019-01-16 14:35:55', '2019-01-16'),
('college', 'N', '2019-01-16 14:38:40', '2019-01-16 14:54:56', '2019-01-16'),
('vpaa', 'N', '2019-01-16 14:35:28', '2019-01-16 14:35:32', '2019-01-16'),
('college', 'N', '2019-01-16 14:35:10', '2019-01-16 14:35:19', '2019-01-16'),
('admin', 'N', '2019-01-16 11:12:30', '2019-01-16 14:35:00', '2019-01-16'),
('college', 'N', '2019-01-16 10:18:04', '2019-01-16 10:24:13', '2019-01-16'),
('vpaa', 'N', '2019-01-16 10:03:23', '2019-01-16 10:03:52', '2019-01-16'),
('admin', 'N', '2019-01-15 16:08:03', '2019-01-15 20:48:37', '2019-01-15'),
('admin', 'N', '2019-01-16 06:40:23', '2019-01-16 09:12:47', '2019-01-16'),
('admin', 'N', '2019-01-16 08:56:42', '2019-01-16 09:12:47', '2019-01-16'),
('teststaff', 'N', '2019-01-16 09:12:56', '2019-01-16 09:49:50', '2019-01-16'),
('teststaff', 'N', '2019-01-16 09:38:58', '2019-01-16 09:49:50', '2019-01-16'),
('college', 'N', '2019-01-16 09:50:00', '2019-01-16 09:54:03', '2019-01-16'),
('vpaa', 'N', '2019-01-16 09:54:13', '2019-01-16 09:54:42', '2019-01-16'),
('college', 'N', '2019-01-16 09:54:51', '2019-01-16 09:58:57', '2019-01-16'),
('college', 'N', '2019-01-16 09:59:04', '2019-01-16 10:03:16', '2019-01-16'),
('admin', 'N', '2019-01-15 10:26:10', '2019-01-15 13:09:38', '2019-01-15'),
('teststaff', 'N', '2019-01-16 10:04:19', '2019-01-16 10:17:57', '2019-01-16'),
('', 'N', '2019-01-14 14:46:54', '2019-01-14 14:54:23', '2019-01-14'),
('', 'N', '2019-01-14 14:54:35', '2019-01-14 14:56:46', '2019-01-14'),
('admin', 'N', '2019-01-14 14:57:04', '2019-01-14 14:57:25', '2019-01-14'),
('', 'N', '2019-01-14 14:57:37', '2019-01-15 07:10:44', '2019-01-14'),
('', 'N', '2019-01-15 07:10:58', '2019-01-16 10:29:17', '2019-01-15'),
('admin', 'N', '2019-01-14 14:40:23', '2019-01-14 14:46:20', '2019-01-14'),
('', 'N', '2019-01-14 14:04:47', '2019-01-14 14:05:14', '2019-01-14'),
('', 'N', '2019-01-14 14:09:54', '2019-01-14 14:40:18', '2019-01-14'),
('admin', 'N', '2019-01-14 14:03:19', '2019-01-14 14:03:21', '2019-01-14'),
('', 'N', '2019-01-14 13:58:59', '2019-01-14 14:01:51', '2019-01-14'),
('admin', 'N', '2019-01-13 09:59:47', '2019-01-14 13:21:20', '2019-01-13'),
('admin', 'N', '2019-01-10 15:57:38', '2019-01-14 13:21:20', '2019-01-10'),
('admin', 'N', '2019-01-07 20:11:09', '2019-01-07 20:13:34', '2019-01-07'),
('admin', 'N', '2019-01-07 19:54:54', '2019-01-07 19:58:30', '2019-01-07'),
('admin', 'N', '2019-01-07 20:03:08', '2019-01-07 20:04:16', '2019-01-07'),
('admin', 'N', '2019-01-07 14:12:54', '2019-01-07 19:58:30', '2019-01-07'),
('admin', 'N', '2019-01-06 23:42:58', '2019-01-07 19:58:30', '2019-01-06'),
('ww', 'N', '2019-01-06 23:42:52', '2019-01-06 23:42:55', '2019-01-06'),
('admin', 'N', '2019-01-06 13:33:02', '2019-01-06 23:42:28', '2019-01-06'),
('admin', 'N', '2019-01-04 12:39:02', '2019-01-06 23:42:28', '2019-01-04'),
('admin', 'N', '2019-01-04 10:44:12', '2019-01-04 12:38:18', '2019-01-04'),
('admin', 'N', '2019-01-04 07:33:29', '2019-01-04 10:43:51', '2019-01-04'),
('admin', 'N', '2019-01-04 07:21:15', '2019-01-04 10:43:51', '2019-01-04'),
('admin', 'N', '2019-01-04 07:22:47', '2019-01-04 10:43:51', '2019-01-04'),
('admin', 'N', '2019-01-04 07:27:13', '2019-01-04 10:43:51', '2019-01-04'),
('admin', 'N', '2019-01-04 07:23:19', '2019-01-04 10:43:51', '2019-01-04'),
('admin', 'N', '2019-01-03 23:40:15', '2019-01-04 10:43:51', '2019-01-03'),
('admin', 'N', '2019-01-03 23:39:49', '2019-01-04 10:43:51', '2019-01-03'),
('admin', 'N', '2019-01-03 23:39:21', '2019-01-04 10:43:51', '2019-01-03'),
('admin', 'N', '2019-01-03 18:01:44', '2019-01-04 10:43:51', '2019-01-03'),
('admin', 'N', '2019-01-03 17:56:36', '2019-01-04 10:43:51', '2019-01-03'),
('admin', 'N', '2019-01-03 17:55:08', '2019-01-04 10:43:51', '2019-01-03'),
('admin', 'N', '2019-01-03 17:47:54', '2019-01-04 10:43:51', '2019-01-03'),
('admin', 'N', '2019-01-03 17:39:31', '2019-01-04 10:43:51', '2019-01-03'),
('admin', 'N', '2019-01-03 17:29:31', '2019-01-04 10:43:51', '2019-01-03'),
('admin', 'N', '2019-01-03 14:04:12', '2019-01-04 10:43:51', '2019-01-03'),
('admin', 'N', '2019-01-03 13:57:48', '2019-01-04 10:43:51', '2019-01-03'),
('admin', 'N', '2019-01-03 13:57:26', '2019-01-04 10:43:51', '2019-01-03'),
('admin', 'N', '2019-01-03 13:27:18', '2019-01-04 10:43:51', '2019-01-03'),
('admin', 'N', '2019-01-03 13:22:44', '2019-01-04 10:43:51', '2019-01-03'),
('admin', 'N', '2019-01-03 13:18:11', '2019-01-04 10:43:51', '2019-01-03'),
('admin', 'N', '2019-01-03 13:16:25', '2019-01-04 10:43:51', '2019-01-03'),
('admin', 'N', '2019-01-03 13:12:17', '2019-01-04 10:43:51', '2019-01-03'),
('admin', 'N', '2019-01-03 13:11:24', '2019-01-04 10:43:51', '2019-01-03'),
('admin', 'N', '2017-02-21 18:17:36', '2019-01-04 10:43:51', '2017-02-21'),
('admin', 'N', '2017-02-21 17:55:45', '2019-01-04 10:43:51', '2017-02-21'),
('00-222', 'N', '2017-02-21 17:19:07', '2017-02-21 17:55:40', '2017-02-21'),
('admin', 'N', '2017-02-21 16:41:22', '2017-02-21 17:19:01', '2017-02-21'),
('admin', 'N', '2017-02-21 11:38:10', '2017-02-21 17:19:01', '2017-02-21'),
('admin', 'N', '2017-02-21 11:36:28', '2017-02-21 11:37:54', '2017-02-21'),
('00-222', 'N', '2017-02-21 06:41:39', '2017-02-21 17:55:40', '2017-02-21'),
('rec', 'N', '2017-02-19 19:38:23', '2017-02-19 20:41:15', '2017-02-19'),
('admin', 'N', '2017-02-19 18:00:24', '2017-02-19 19:38:14', '2017-02-19'),
('00-111', 'N', '2017-02-19 17:30:14', '2017-02-19 18:00:15', '2017-02-19'),
('00-222', 'N', '2017-02-19 17:29:48', '2017-02-19 17:30:02', '2017-02-19'),
('rec', 'N', '2017-02-19 16:20:37', '2017-02-19 17:29:36', '2017-02-19'),
('00-222', 'N', '2017-02-19 15:28:45', '2017-02-19 16:20:28', '2017-02-19'),
('rec', 'N', '2017-02-19 15:20:37', '2017-02-19 15:28:34', '2017-02-19'),
('00-222', 'N', '2017-02-19 15:14:00', '2017-02-19 16:20:28', '2017-02-19'),
('rec', 'N', '2017-02-19 12:08:02', '2017-02-19 15:13:52', '2017-02-19'),
('admin', 'N', '2017-02-19 12:07:45', '2017-02-19 12:07:57', '2017-02-19'),
('00-222', 'N', '2017-02-19 11:54:19', '2017-02-19 12:07:34', '2017-02-19'),
('admin', 'N', '2017-02-19 11:02:19', '2017-02-19 11:54:12', '2017-02-19'),
('rec', 'N', '2017-02-19 09:45:31', '2017-02-19 09:54:47', '2017-02-19'),
('rec', 'N', '2017-02-19 10:33:25', '2017-02-19 11:02:15', '2017-02-19'),
('00-111', 'N', '2017-02-19 09:39:18', '2017-02-19 09:45:12', '2017-02-19'),
('00-111', 'N', '2017-02-19 08:56:22', '2017-02-19 09:33:10', '2017-02-19'),
('00-222', 'N', '2017-02-19 09:38:50', '2017-02-19 09:39:11', '2017-02-19'),
('00-222', 'N', '2017-02-18 23:38:52', '2017-02-19 08:56:15', '2017-02-18'),
('admin', 'N', '2017-02-18 22:09:44', '2017-02-19 11:54:12', '2017-02-18'),
('admin', 'N', '2017-02-18 17:26:00', '2017-02-19 11:54:12', '2017-02-18'),
('admin', 'N', '2017-02-18 16:42:06', '2017-02-19 11:54:12', '2017-02-18'),
('admin', 'N', '2017-02-18 05:24:09', '2017-02-19 11:54:12', '2017-02-18'),
('rec', 'N', '2017-01-28 14:27:43', '2017-02-19 09:54:47', '2017-01-28'),
('admin', 'N', '2017-01-28 13:25:52', '2017-01-28 14:27:38', '2017-01-28'),
('rec', 'N', '2017-01-19 10:24:18', '2017-01-19 14:33:46', '2017-01-19'),
('admin', 'N', '2017-01-19 10:24:06', '2017-01-19 10:24:13', '2017-01-19'),
('rec', 'N', '2017-01-19 07:28:04', '2017-01-19 10:23:59', '2017-01-19'),
('rec', 'N', '2017-01-18 23:08:57', '2017-01-19 10:23:59', '2017-01-18'),
('rec', 'N', '2017-01-18 15:54:23', '2017-01-18 16:01:36', '2017-01-18'),
('admin', 'N', '2017-01-18 15:54:18', '2017-01-18 15:54:20', '2017-01-18'),
('admin', 'N', '2017-01-18 15:54:09', '2017-01-18 15:54:14', '2017-01-18'),
('00-111', 'N', '2017-01-18 14:53:06', '2017-02-19 09:33:10', '2017-01-18'),
('admin', 'N', '2017-01-18 14:52:35', '2017-01-18 14:52:58', '2017-01-18'),
('rec', 'N', '2017-01-18 14:10:03', '2017-01-18 14:52:31', '2017-01-18'),
('rec', 'N', '2017-01-18 14:09:47', '2017-01-18 14:09:59', '2017-01-18'),
('00-111', 'N', '2017-01-18 14:09:37', '2017-01-18 14:09:41', '2017-01-18'),
('rec', 'N', '2017-01-18 14:09:12', '2017-01-18 14:09:25', '2017-01-18'),
('00-222', 'N', '2017-01-18 14:09:02', '2017-01-18 14:09:09', '2017-01-18'),
('rec', 'N', '2017-01-18 14:07:42', '2017-01-18 14:08:56', '2017-01-18'),
('admin', 'N', '2017-01-18 14:07:33', '2017-01-18 14:07:39', '2017-01-18'),
('00-222', 'N', '2017-01-18 14:07:18', '2017-01-18 14:07:26', '2017-01-18'),
('rec', 'N', '2017-01-18 13:09:27', '2017-01-18 14:07:10', '2017-01-18'),
('admin', 'N', '2017-01-18 13:09:18', '2017-01-18 13:09:23', '2017-01-18'),
('admin', 'N', '2017-01-18 12:32:31', '2017-01-18 13:09:12', '2017-01-18'),
('admin', 'N', '2017-01-18 11:46:24', '2017-01-18 12:31:03', '2017-01-18'),
('00-111', 'N', '2017-01-18 12:31:11', '2017-01-18 12:32:27', '2017-01-18'),
('admin', 'N', '2017-01-16 08:56:14', '2017-01-18 11:36:45', '2017-01-16'),
('00-111', 'N', '2017-01-18 11:36:51', '2017-01-18 11:46:20', '2017-01-18'),
('rec', 'N', '2017-01-16 06:53:28', '2017-01-16 08:53:03', '2017-01-16'),
('rec', 'N', '2017-01-16 06:51:46', '2017-01-16 06:52:33', '2017-01-16'),
('admin', 'N', '2017-01-15 22:07:26', '2017-01-16 06:51:34', '2017-01-15'),
('00-111', 'N', '2017-01-15 21:33:51', '2017-01-15 22:07:23', '2017-01-15'),
('admin', 'N', '2017-01-15 20:28:12', '2017-01-15 21:33:46', '2017-01-15'),
('admin', 'N', '2017-01-14 19:08:42', '2017-01-15 21:33:46', '2017-01-14'),
('2015-00002', 'N', '2017-01-14 19:08:04', '2017-01-14 19:08:14', '2017-01-14'),
('admin', 'N', '2017-01-14 18:02:40', '2017-01-14 19:07:52', '2017-01-14'),
('rec', 'N', '2017-01-14 18:02:15', '2017-01-14 18:02:36', '2017-01-14'),
('admin', 'N', '2017-01-14 18:02:02', '2017-01-14 18:02:10', '2017-01-14'),
('admin', 'N', '2017-01-14 17:36:59', '2017-01-14 18:01:57', '2017-01-14'),
('00-111', 'N', '2017-01-14 11:45:10', '2017-01-14 17:36:45', '2017-01-14'),
('reg', 'N', '2017-01-14 11:00:20', '2017-01-14 11:45:02', '2017-01-14'),
('2015-00002', 'N', '2017-01-14 10:59:56', '2017-01-14 11:00:13', '2017-01-14'),
('reg', 'N', '2017-01-14 10:58:07', '2017-01-14 10:59:29', '2017-01-14'),
('00-111', 'N', '2017-01-14 10:53:32', '2017-01-14 10:53:57', '2017-01-14'),
('2015-00002', 'N', '2017-01-14 10:52:15', '2017-01-14 10:53:26', '2017-01-14'),
('reg', 'N', '2017-01-14 10:48:35', '2017-01-14 10:50:21', '2017-01-14'),
('2015-00001', 'N', '2017-01-14 10:50:29', '2017-01-14 10:51:57', '2017-01-14'),
('rec', 'N', '2017-01-14 10:46:53', '2017-01-14 10:48:29', '2017-01-14'),
('00-111', 'N', '2017-01-14 10:40:25', '2017-01-14 10:46:46', '2017-01-14'),
('2015-00001', 'N', '2017-01-14 10:39:28', '2017-01-14 10:40:18', '2017-01-14'),
('reg', 'N', '2017-01-14 10:34:32', '2017-01-14 10:38:56', '2017-01-14'),
('00-111', 'N', '2017-01-14 10:32:18', '2017-01-14 10:34:24', '2017-01-14'),
('reg', 'N', '2017-01-14 10:30:49', '2017-01-14 10:32:10', '2017-01-14'),
('00-111', 'N', '2017-01-14 10:30:14', '2017-01-14 10:30:43', '2017-01-14'),
('reg', 'N', '2017-01-14 10:29:44', '2017-01-14 10:30:02', '2017-01-14'),
('00-111', 'N', '2017-01-14 10:28:02', '2017-01-14 10:29:37', '2017-01-14'),
('2015-00001', 'N', '2017-01-14 10:27:27', '2017-01-14 10:27:44', '2017-01-14'),
('reg', 'N', '2017-01-14 10:22:51', '2017-01-14 10:27:17', '2017-01-14'),
('00-111', 'N', '2017-01-14 10:22:06', '2017-01-14 10:22:18', '2017-01-14'),
('admin', 'N', '2017-01-14 10:19:41', '2017-01-14 10:21:28', '2017-01-14'),
('00-111', 'N', '2017-01-14 10:19:12', '2017-01-14 10:19:32', '2017-01-14'),
('reg', 'N', '2017-01-14 10:04:14', '2017-01-14 10:17:13', '2017-01-14'),
('rec', 'N', '2017-01-14 09:57:20', '2017-01-14 09:57:42', '2017-01-14'),
('reg', 'N', '2017-01-14 09:54:32', '2017-01-14 09:56:55', '2017-01-14'),
('reg', 'N', '2017-01-14 09:54:00', '2017-01-14 09:54:26', '2017-01-14'),
('admin', 'N', '2017-01-14 09:52:01', '2017-01-14 09:53:16', '2017-01-14'),
('admin', 'N', '2017-01-14 09:51:36', '2017-01-14 09:51:40', '2017-01-14'),
('admin', 'N', '2017-01-14 09:51:21', '2017-01-14 09:51:26', '2017-01-14'),
('admin', 'N', '2019-02-01 22:48:40', '2019-02-01 22:49:38', '2019-02-01'),
('admin', 'N', '2019-02-01 23:16:07', '2019-02-01 23:17:48', '2019-02-01'),
('', 'N', '2019-02-01 23:17:59', '2019-02-15 08:31:24', '2019-02-01'),
('admin', 'N', '2019-02-01 23:18:38', '2019-02-01 23:59:35', '2019-02-01'),
('admin', 'N', '2019-02-08 15:14:14', '2019-02-08 15:18:08', '2019-02-08'),
('admin', 'N', '2019-02-08 15:20:35', '2019-02-08 15:22:30', '2019-02-08'),
('', 'N', '2019-02-08 21:10:32', '2019-02-15 08:31:24', '2019-02-08'),
('admin', 'N', '2019-02-08 21:11:42', '2019-02-08 21:12:05', '2019-02-08'),
('admin', 'N', '2019-02-11 20:59:28', '2019-02-11 20:59:34', '2019-02-11'),
('', 'N', '2019-02-11 21:24:04', '2019-02-15 08:31:24', '2019-02-11'),
('admin', 'N', '2019-02-11 21:24:53', '2019-02-11 21:35:16', '2019-02-11'),
('', 'N', '2019-02-12 15:57:59', '2019-02-15 08:31:24', '2019-02-12'),
('admin', 'N', '2019-02-12 16:05:07', '2019-02-13 10:01:26', '2019-02-12'),
('admin', 'N', '2019-02-13 09:54:20', '2019-02-13 10:01:26', '2019-02-13'),
('', 'N', '2019-02-13 10:06:35', '2019-02-15 08:31:24', '2019-02-13'),
('admin', 'N', '2019-02-13 10:33:36', '2019-02-13 10:38:00', '2019-02-13'),
('', 'N', '2019-02-13 10:45:19', '2019-02-15 08:31:24', '2019-02-13'),
('admin', 'N', '2019-02-13 10:50:45', '2019-02-13 10:51:10', '2019-02-13'),
('admin', 'N', '2019-02-13 15:09:26', '2019-02-13 15:19:45', '2019-02-13'),
('admin', 'N', '2019-02-15 16:29:44', '2019-02-15 16:31:06', '2019-02-15'),
('admin', 'N', '2019-02-15 16:39:03', '2019-02-15 16:40:48', '2019-02-15'),
('admin', 'N', '2019-02-15 17:06:53', '2019-02-15 21:17:37', '2019-02-15'),
('admin', 'N', '2019-02-15 21:16:51', '2019-02-15 21:17:37', '2019-02-15');

-- --------------------------------------------------------

--
-- Table structure for table `r_condition`
--

CREATE TABLE `r_condition` (
  `CON_ID` int(11) NOT NULL,
  `CON_NAME` varchar(100) NOT NULL
) ENGINE=InnoDB DEFAULT CHARSET=latin1;

--
-- Dumping data for table `r_condition`
--

INSERT INTO `r_condition` (`CON_ID`, `CON_NAME`) VALUES
(1, 'Replaceable'),
(2, 'Refillable'),
(3, 'Repairable');

-- --------------------------------------------------------

--
-- Table structure for table `r_supplier`
--

CREATE TABLE `r_supplier` (
  `SUP_ID` int(11) NOT NULL,
  `SUP_NAME` varchar(100) NOT NULL,
  `SUP_ADDRESS` varchar(200) DEFAULT NULL,
  `SUP_CONTACT_NO` varchar(12) DEFAULT NULL,
  `SUP_EMAIL` varchar(100) DEFAULT NULL
) ENGINE=InnoDB DEFAULT CHARSET=latin1;

--
-- Dumping data for table `r_supplier`
--

INSERT INTO `r_supplier` (`SUP_ID`, `SUP_NAME`, `SUP_ADDRESS`, `SUP_CONTACT_NO`, `SUP_EMAIL`) VALUES
(1, 'Jecara/Miguel', NULL, NULL, NULL),
(2, 'Tastic', NULL, NULL, NULL),
(3, 'Denso/Nick Store', NULL, NULL, NULL),
(4, 'Rodrigo Hydraulic', NULL, NULL, NULL),
(5, 'Tastic/Ronnie Metal Works', NULL, NULL, NULL),
(6, 'Casa', NULL, NULL, NULL),
(7, 'Punzalan', NULL, NULL, NULL),
(8, 'Nick Metal Work', NULL, NULL, NULL);

-- --------------------------------------------------------

--
-- Table structure for table `r_unit_type`
--

CREATE TABLE `r_unit_type` (
  `UNIT_ID` int(11) NOT NULL,
  `UNIT_TYPE` varchar(100) NOT NULL
) ENGINE=InnoDB DEFAULT CHARSET=latin1;

--
-- Dumping data for table `r_unit_type`
--

INSERT INTO `r_unit_type` (`UNIT_ID`, `UNIT_TYPE`) VALUES
(1, 'Metal'),
(2, 'Assembled'),
(3, '5480/Evico'),
(4, '5590'),
(5, 'Tank'),
(6, 'Square Head'),
(7, 'Local'),
(8, 'Bottle Type'),
(9, 'with sensor'),
(10, 'with resistor'),
(11, 'small drum'),
(12, 'cleaner'),
(13, 'metal assembled'),
(14, 'liquid'),
(15, 'front'),
(16, 'rear'),
(17, 'repair kit'),
(18, 'flat glass');

-- --------------------------------------------------------

--
-- Table structure for table `r_users`
--

CREATE TABLE `r_users` (
  `USERID` int(11) NOT NULL,
  `USERNAME` varchar(100) NOT NULL,
  `PASSWORD` varchar(100) NOT NULL,
  `USER_ROLE` varchar(100) NOT NULL
) ENGINE=InnoDB DEFAULT CHARSET=latin1;

--
-- Dumping data for table `r_users`
--

INSERT INTO `r_users` (`USERID`, `USERNAME`, `PASSWORD`, `USER_ROLE`) VALUES
(1, 'admin', 'password', 'admin');

-- --------------------------------------------------------

--
-- Table structure for table `t_spare_requisition`
--

CREATE TABLE `t_spare_requisition` (
  `REQ_ID` int(11) NOT NULL,
  `REQ_SP_ID` int(11) NOT NULL,
  `REQ_QUANTITY` int(11) NOT NULL,
  `REQ_STATUS` varchar(50) NOT NULL,
  `BATCH_NO` int(11) NOT NULL
) ENGINE=InnoDB DEFAULT CHARSET=latin1;

--
-- Dumping data for table `t_spare_requisition`
--

INSERT INTO `t_spare_requisition` (`REQ_ID`, `REQ_SP_ID`, `REQ_QUANTITY`, `REQ_STATUS`, `BATCH_NO`) VALUES
(1, 1, 3, '', 1);

-- --------------------------------------------------------

--
-- Table structure for table `t_spare_stocks`
--

CREATE TABLE `t_spare_stocks` (
  `STOCK_ID` int(11) NOT NULL,
  `STOCK_KEY_UNIT` varchar(100) NOT NULL,
  `STOCK_NAME` varchar(100) NOT NULL,
  `STOCK_MODEL` varchar(50) DEFAULT NULL,
  `STOCK_BRAND` varchar(50) DEFAULT NULL,
  `STOCK_SIZE` varchar(50) DEFAULT NULL,
  `STOCK_UNIT_TYPE` int(11) DEFAULT NULL,
  `STOCK_CONDITION` int(11) DEFAULT NULL,
  `STOCK_QUANTITY` int(11) DEFAULT NULL,
  `STOCK_CRITICAL_LEVEL` int(11) NOT NULL,
  `STOCK_SUPPLIER` int(11) DEFAULT NULL
) ENGINE=InnoDB DEFAULT CHARSET=latin1;

--
-- Dumping data for table `t_spare_stocks`
--

INSERT INTO `t_spare_stocks` (`STOCK_ID`, `STOCK_KEY_UNIT`, `STOCK_NAME`, `STOCK_MODEL`, `STOCK_BRAND`, `STOCK_SIZE`, `STOCK_UNIT_TYPE`, `STOCK_CONDITION`, `STOCK_QUANTITY`, `STOCK_CRITICAL_LEVEL`, `STOCK_SUPPLIER`) VALUES
(1, 'SP-00001A', 'Fanbelt(Plain)', 'PKB/SP', 'Bando', 'B71', 3, 1, 20, 10, 1),
(2, 'SP-00002A', 'Fanbelt (Plain)', 'JP/back engine', 'Bando', 'B74', 4, 1, 10, 2, 1),
(3, 'SP-00003A', 'Freon', '134A', NULL, '13.5 kg/8 diameter', 5, 2, 15, 10, 2),
(4, 'SP-00004A', 'Compressor', 'Surplus', NULL, '4 inches in diameter', 6, 1, 17, 10, 3),
(5, 'SP-00005A', 'Discharge hose', NULL, NULL, NULL, 7, 1, 20, 10, 4);

--
-- Indexes for dumped tables
--

--
-- Indexes for table `r_condition`
--
ALTER TABLE `r_condition`
  ADD PRIMARY KEY (`CON_ID`);

--
-- Indexes for table `r_supplier`
--
ALTER TABLE `r_supplier`
  ADD PRIMARY KEY (`SUP_ID`);

--
-- Indexes for table `r_unit_type`
--
ALTER TABLE `r_unit_type`
  ADD PRIMARY KEY (`UNIT_ID`);

--
-- Indexes for table `r_users`
--
ALTER TABLE `r_users`
  ADD PRIMARY KEY (`USERID`);

--
-- Indexes for table `t_spare_requisition`
--
ALTER TABLE `t_spare_requisition`
  ADD PRIMARY KEY (`REQ_ID`),
  ADD KEY `FK_SP_ID` (`REQ_SP_ID`);

--
-- Indexes for table `t_spare_stocks`
--
ALTER TABLE `t_spare_stocks`
  ADD PRIMARY KEY (`STOCK_ID`),
  ADD UNIQUE KEY `STOCK_KEY_UNIT` (`STOCK_KEY_UNIT`),
  ADD KEY `FK_SUT` (`STOCK_UNIT_TYPE`),
  ADD KEY `FK_SC` (`STOCK_CONDITION`),
  ADD KEY `FK_SS` (`STOCK_SUPPLIER`);

--
-- AUTO_INCREMENT for dumped tables
--

--
-- AUTO_INCREMENT for table `r_condition`
--
ALTER TABLE `r_condition`
  MODIFY `CON_ID` int(11) NOT NULL AUTO_INCREMENT, AUTO_INCREMENT=4;
--
-- AUTO_INCREMENT for table `r_supplier`
--
ALTER TABLE `r_supplier`
  MODIFY `SUP_ID` int(11) NOT NULL AUTO_INCREMENT, AUTO_INCREMENT=9;
--
-- AUTO_INCREMENT for table `r_unit_type`
--
ALTER TABLE `r_unit_type`
  MODIFY `UNIT_ID` int(11) NOT NULL AUTO_INCREMENT, AUTO_INCREMENT=19;
--
-- AUTO_INCREMENT for table `r_users`
--
ALTER TABLE `r_users`
  MODIFY `USERID` int(11) NOT NULL AUTO_INCREMENT, AUTO_INCREMENT=2;
--
-- AUTO_INCREMENT for table `t_spare_requisition`
--
ALTER TABLE `t_spare_requisition`
  MODIFY `REQ_ID` int(11) NOT NULL AUTO_INCREMENT, AUTO_INCREMENT=2;
--
-- AUTO_INCREMENT for table `t_spare_stocks`
--
ALTER TABLE `t_spare_stocks`
  MODIFY `STOCK_ID` int(11) NOT NULL AUTO_INCREMENT, AUTO_INCREMENT=6;
--
-- Constraints for dumped tables
--

--
-- Constraints for table `t_spare_requisition`
--
ALTER TABLE `t_spare_requisition`
  ADD CONSTRAINT `FK_SP_ID` FOREIGN KEY (`REQ_SP_ID`) REFERENCES `t_spare_stocks` (`STOCK_ID`);

--
-- Constraints for table `t_spare_stocks`
--
ALTER TABLE `t_spare_stocks`
  ADD CONSTRAINT `FK_SC` FOREIGN KEY (`STOCK_CONDITION`) REFERENCES `r_condition` (`CON_ID`),
  ADD CONSTRAINT `FK_SS` FOREIGN KEY (`STOCK_SUPPLIER`) REFERENCES `r_supplier` (`SUP_ID`),
  ADD CONSTRAINT `FK_SUT` FOREIGN KEY (`STOCK_UNIT_TYPE`) REFERENCES `r_unit_type` (`UNIT_ID`);

/*!40101 SET CHARACTER_SET_CLIENT=@OLD_CHARACTER_SET_CLIENT */;
/*!40101 SET CHARACTER_SET_RESULTS=@OLD_CHARACTER_SET_RESULTS */;
/*!40101 SET COLLATION_CONNECTION=@OLD_COLLATION_CONNECTION */;
